"","DATE","CONTAIN","STATUS"
"1","2018-04-25 14:20:00","ELITE RELOAD PULSA:Kami ingin menawarkan anda menjadi agen pulsa all operator. harga: V5:4750,V10:8750,V20:18750.Minat invite BBM: D995290A & WA: 085656345887.","spam"
"2","2018-04-25 14:13:00","iRing keren cuman buat km, Feni Rose-TERCYDUK,Rp.0,1/3hr prpnjngan Rp.3190 dengan hnya bls YA lho!","spam"
"3","2018-04-25 12:26:00","Sahabat, registrasi kartu SIM prabayar Anda SEKARANG. Ketik ULANG#NIK#No.KK# SMS ke 4444 atau klik http://im3.do/registrasi s.d. 30 April 2018. Terima kasih.","spam"
"4","2018-04-25 12:08:00","sians text ULANG#NIK#No.KK# to 4444.Foreigners bring Passport","ham"
"5","2018-04-24 12:41:00","24/04/2018 12:41 Pada No. Rek 378088918 ada dana keluar sebesar Rp 100.000,00. Saldo akhir: Rp 216.309,00.Berita: BILL PAYMENT  GOPAY CUST    NO  39152454823092","ham"
"6","2018-04-24 11:42:00","Sisa kuota GAK AKAN HANGUS & dpt disimpan hg 100GB SETAHUN dgn DATAROLLOVER dr IM3Ooredoo!Gratis dgn pkt Internet bulanan IM3 Ooredoo http://im3.do/dr0424 BMI1","spam"
"7","2018-04-24 10:48:00","Sahabat, registrasi kartu SIM prabayar Anda SEKARANG. Ketik ULANG#NIK#No.KK# SMS ke 4444 atau klik http://im3.do/registrasi s.d. 30 April 2018. Terima kasih.","spam"
"8","2018-04-24 10:21:00","Staff only! Register w/ office email @ shop.samsung .com/id_epp/cimbniaga. Disc upto 45%+add Disc 10% + 0% upto 24 mos Samsung TV. Till 30Apr'18.T&C Info 14041","ham"
"9","2018-04-24 09:17:00","sians text ULANG#NIK#No.KK# to 4444.Foreigners bring Passport","ham"
"10","2018-04-24 08:51:00","MMS is sent to you from +628164866135.Please retrieve it at https://mms.indosatooredoo.com/mms MessageID:84032598-riuforsy MMS skrg! www.indosat.com/mmsrebutpulsa","ham"
"11","2018-04-24 07:40:00","Cuma Rp5rb bisa Internetan 1GB dgn masa berlaku 7 Hari khusus buat Kamu! Asyik kan? Ayo buruan ketik D2 dan kirim ke 929 (penawaran berlaku sd 250418","spam"
"12","2018-04-23 20:59:00","Nnk coba deh","ham"
"13","2018-04-23 20:57:00","Nnk coba deh","ham"
"14","2018-04-23 20:39:00","Bilang sama dd dia
 tdk bisa pake hpnya
Kt dr tdk apa2 dia juga heran mmh bilang tdk mkn sama sekali 2hari,terachir mkn sabtu pagi sedikit.tp diperiksa panas tdk,dehidrasi tdk,perut di pencet2 tdk ada apa2,mencret/muntah tdk.Trs td disuntik vit aja 2 kali dan ditawari beli mkn yg cair dan ktnya bagus banyak vitnya","ham"
"15","2018-04-23 20:38:00","Naik apa ?","ham"
"16","2018-04-23 20:16:00","Hujan ngga?","ham"
"17","2018-04-23 20:14:00","Internet 1GB Rp 1000/hr aktif s.d. 24/04/2018 20:14. Special dari IM3 Ooredoo, nikmati paket Terbaik dg perpanjangan otomatis. Info?http://im3.do/m3","spam"
"18","2018-04-23 20:14:00","Special dari IM3 Ooredoo, Paket TERBAIK Yellow 1GB kamu kini semakin nyaman dg perpanjangan otomatis. Cek paket Internet lainnya di *123# atau?http://im3.do/m3","spam"
"19","2018-04-23 20:14:00","Registrasi paket Anda sedang diproses. Pastikan settingan APN : indosatgprs. User, passwd & proxy dikosongkan. Restart HP Anda setelah registrasi berhasil.","ham"
"20","2018-04-23 20:10:00","Kartu kamu belum di registrasi. REGISTRASI ULANG SEKARANG karena proses PEMBLOKIRAN sedang berjalan. Ktk ULANG#NIK#No.KK# SMS ke 4444. Abaikan jk sudah REG","ham"
"21","2018-04-23 19:58:00","Ada kelas ?","ham"
"22","2018-04-23 14:27:00","Mau nyanyi bareng artis? Yuk ikuti layanan Ngamen di *123*540# Tarif Rp2.200/SMS, 2SMS/minggu. Info: 02172796373. DSI7","spam"
"23","2018-04-23 12:17:00","Ayo beli Sticker LINE hanya Rp 500 saja pakai Pulsa IM3 Ooredoo. Jgn sampain ketinggalan karena promo ini hanya sampai tgl 25 Apr 18. Info: bit.ly/LIne500 DSI12","spam"
"24","2018-04-23 10:43:00","Sahabat, registrasi kartu SIM prabayar Anda SEKARANG. Ketik ULANG#NIK#No.KK# SMS ke 4444 atau klik http://im3.do/registrasi s.d. 30 April 2018. Terima kasih.","spam"
"25","2018-04-23 09:12:00","sians text ULANG#NIK#No.KK# to 4444.Foreigners bring Passport","ham"
"26","2018-04-23 08:26:00","Ooh","ham"
"27","2018-04-23 08:20:00","This is your secret password for LOGIN. GO-JEK never asks for your password, DO NOT GIVE IT TO ANYONE. Your PASSWORD is 2910 .","ham"
"28","2018-04-23 08:17:00","This is your secret password for REGISTRATION. GO-JEK never asks for your password, DO NOT GIVE IT TO ANYONE. Your PASSWORD is 3540 .","ham"
"29","2018-04-22 22:55:00","Hanya utk kamu! Dptkan pulsa SOS Rp8000 utk dipakai ke semua operator sd 7hr. Pembayaran Rp8000 & BeaJasa Rp3200 yg dipotong saat isi Pulsa. Balas YA ke 505 /tkn*505#","spam"
"30","2018-04-22 22:53:00","Kalian liat2 duluan aja. Sepertinya aku akan lama di toilet.","ham"
"31","2018-04-11 17:02:00","Staff only! Register w/ office email @ shop.samsung .com/id_epp/cimbniaga. Disc 10% + Cashback 500K +0% upto 24mos Samsung S9|S9+. Till 30Apr'18.T&C Info 14041","ham"
"32","2018-04-11 12:58:00","awas ketinggalan iRing Shae-Up Up n Away, Rp.0,1/3hr prpnjngan Rp.3190 .Lngsung bls YA aja ya!","spam"
"33","2018-04-11 06:02:00","Paket internet 1 GB & Unlimited Nelpon SMS ke sesama, HANYA Rp 5rb, berlaku 3 hari. Ketik C30 ke 929 sd 13/04/18","spam"
"34","2018-04-10 13:30:00","Ayo nonton video tentang motor sport di *123*503*5# Tarif Rp2.200/SMS, 2SMS/mgu. Info: 0213145715 atau klik bit.ly/Qmnck DSI2","spam"
"35","2018-04-09 19:37:00","09/04/2018 19:36 Pada No. Rek 378088918 ada dana keluar sebesar Rp 150.000,00. Saldo akhir: Rp 1.956.098,00.Berita: TARIK TUNAI.","ham"
"36","2018-04-09 19:36:00","09/04/2018 19:36 Pada No. Rek 378088918 ada dana keluar sebesar Rp 300.000,00. Saldo akhir: Rp 2.106.098,00.Berita: BILL PAYMENT  GOPAY CUST    NO  371523277184","ham"
"37","2018-04-09 17:50:00","De blin makan kucing ya","ham"
"38","2018-04-09 14:35:00","Ayo dengerin lagu Sunyi Saat Senja - Junior Soemantri hanya di www.gtunes.co.id Khusus Sahabat IM3 Ooredoo tekan *123*574# DSI13","spam"
"39","2018-04-09 13:08:00","Mau cepat dpt kerja? Ayo update terus infonya  di TOP KARIR  dgn tekan *123*554*9# Ada BEASISWANYA juga lho! Tarif Rp2.200/SMS,2SMS/mgu. Info 08001009189. DSI4","spam"
"40","2018-04-09 08:18:00","iRing keren cuman buat km, Delondri-Demi Allah Aku Mencintaimu,Rp.0,1/3hr prpnjngan Rp.3190 dengan hnya bls YA lho!","spam"
"41","2018-04-08 23:02:00","WhatsApp code 850-640.

You can also tap on this link to verify your phone: v.whatsapp.com/850640","ham"
"42","2018-04-08 13:01:00","Jangan buang seribu kamu, bisa untuk beli Paket Yellow 1GB lho. Internetan dgn KUOTA UTAMA 1GB, 24 jam penuh. Harga hemat cuma Rp1.000. Tekan *123*111*1*1# CPI1","spam"
"43","2018-04-06 08:31:00","Internet Hemat Rp 10rb kuota 1.5GB (berlaku 7 hari). Penawaran khusus ini berlaku sd 07/04/18, ketik D3 ke 929 sekarang juga!","spam"
"44","2018-04-05 21:19:00","05/04/2018 21:19 Pada No. Rek 378088918 ada dana keluar sebesar Rp 167.415,00. Saldo akhir: Rp 2.433.958,00.Berita: TRF PAY TOP UP ECHANNEL.","ham"
"45","2018-04-05 15:17:00","Ayo dengarkan lagu Andin Komalla - Show You Love di Gtunes! Di www.gtunes.co.id atau Tekan *123*574# sekarang. DSI13","spam"
"46","2018-04-04 15:08:00","Film Ayat-Ayat Cinta 2 kini telah hadir eksklusif di MOX, klik bit.ly/moxAAC2 ayo nonton sekarang! Info: Instagram @MOXDIGITAL  DSI5","spam"
"47","2018-04-04 12:16:00","Cari tahu gaya hidup artis terkini di *123*543#. Tarif berlangganan Rp2.200/3hari. Info: 08001401686.  DSI2","ham"
"48","2018-04-04 12:06:00","Pang meuliken 
heula pulsa bpa 
anu 10 ribu we ke 
di gantian ku bpa 
ieu nomor na nya. 
085756625680

","ham"
"49","2018-04-04 08:21:00","Cuma Rp5rb bisa Internetan 1GB dgn masa berlaku 7 Hari khusus buat Kamu! Asyik kan? Ayo buruan ketik D2 dan kirim ke 929 (penawaran berlaku sd 050418","spam"
"50","2018-04-03 12:02:00","03/04/2018 12:01:44 Ref 0403025150 Passcode 5426 untuk LOGIN Go Mobile CIMB Niaga. Passcode bersifat RAHASIA. Jangan beri ke siapapun!","ham"
"51","2018-04-03 11:58:00","SEGERA REGISTRASI ULANG kartumu krn proses PEMBLOKIRAN sdg berjalan.BONUS 10GB nelpon&SMS sepuasnya.Ketik ULANG#NIK#No.KK# SMS ke4444. Abaikan jika sdh REG","ham"
"52","2018-04-03 11:58:00","Isi Voucher Regular 25K pd 03/04/18 11:58 dr GO-JEK SUKSES. TID:01188100004958451871","spam"
"53","2018-04-03 08:09:00","This is your secret password for LOGIN. GO-JEK never asks for your password, DO NOT GIVE IT TO ANYONE. Your PASSWORD is 3756 .","ham"
"54","2018-04-02 14:39:00","Mau tahu rahasia kulit indah SongHyeKyo?Klik bit.ly/Iotrykm a/ Tkn*123*508*1#&raih plsa IM3Ooredoo Rp10rb utk 5org/hr! Trf Rp2200/SMS/3hr.Info02152971540. DSI13","ham"
"55","2018-04-02 13:24:00","Cerita CINTA di film drama emang bikin baper. Tapi kamu juga bisa dapat tips cinta lho di *123*563# . Tarif Rp2.200/SMS, 3SMS/minggu. Info: 02158908230. DSI9","spam"
"56","2018-04-02 10:01:00","You LOGGED IN to your GO-JEK App from a NEW DEVICE. Please contact Customer Care at 021-5025-1110 if it wasn't you who requested the login.","ham"
"57","2018-04-02 09:56:00","This is your secret password for LOGIN. GO-JEK never asks for your password, DO NOT GIVE IT TO ANYONE. Your PASSWORD is 2554 .","ham"
"58","2018-04-01 15:56:00","Telegram code 80363","ham"
"59","2018-04-01 15:56:00","Telegram code 80363","ham"
"60","2018-04-01 13:30:00","Tokopedia - 187419 adalah kode verifikasi keamanan. Mohon tidak menyebarkan kode ke orang lain atau pihak Tokopedia, demi keamanan akun.","ham"
"61","2018-04-01 12:00:00","UNLIMITED YOUTUBE PLUS INTERNET 7GB + CHAT & SOSMED + SMS selama 30hari. Data Rollover. PROMO 70Rb (Normal 80rb). MAU? Tekan C24 kirim SMS ke 929 sekarang","spam"
"62","2018-03-31 21:17:00","Dimana de ?","ham"
"63","2018-03-31 13:07:00","Asik nih!Balas YA, Km bisa menangin:
- Rp 500 Juta
- 500gr EMAS
- Rp 75 JutaGRATIS
Ikutan kuisnya TANPA BIAYA dr AXIS!Balas YA
Info: axisnet.id/fantaxis PFF11B","ham"
"64","2018-03-31 13:04:00","PERHATIAN!
Kartu AXIS-mu sdh dlm masa peringatan!Registrasikan skrg jg agar tdk terblokir,ke *123*4444# atau telp 838.BONUS kuota 1GB slm 7hr. AAG23C","spam"
"65","2018-03-31 13:02:00","AGAR TDK DIBLOKIR,sgr registrasi ulang kartu prabayar Anda.Tlp dan SMS keluar diblokir mulai 1-31 Maret 2018.Ketik ULANG#NIK#No.KK SMS ke 4444.Info 838","spam"
"66","2018-03-31 05:40:00","PAKET BRONET 24JAM 100MB 1hr Rp3500 kamu sudah tidak aktif. Gunakan terus AXISmu dan temukan promo menarik AXIS lainnya di aplikasi AXISnet. Info838","spam"
"67","2018-03-31 05:40:00","PAKET BRONET 4G OWSEM 4GB 30hr Rp38900 kamu sudah tidak aktif. Gunakan terus AXISmu dan temukan promo menarik AXIS lainnya di aplikasi AXISnet. Info838","spam"
"68","2018-03-31 03:07:00","(AXIS) Kuota utama paket internet kamu telah digunakan seluruhnya. Penggunaan selanjutnya akan dikenakan tarif normal ya. Info838","spam"
"69","2018-03-30 20:26:00","Terima kasih kesetiaanmu pada AXIS! BONUS NONTON film SEPUASNYA di Iflix & KZLGAMES tgl 31Mar-1Apr. Hubungi *969# utk aktifkan BONUSnya. Info 838 AFO01A","spam"
"70","2018-03-30 17:34:00","AGAR TDK DIBLOKIR,sgr registrasi ulang kartu prabayar Anda.Tlp dan SMS keluar diblokir mulai 1-31 Maret 2018.Ketik ULANG#NIK#No.KK SMS ke 4444.Info 838","spam"
"71","2018-03-30 14:00:00","Internet Hemat Rp 10rb kuota 1.5GB (berlaku 7 hari). Penawaran khusus ini berlaku sd 31/03/18, ketik D3 ke 929 sekarang juga!","spam"
"72","2018-03-30 10:13:00","KESERUAN di JUMAT BAIK!! Hari ini promo BRONET DAYZ 8GB 30hr hny Rp49.000 dg akses *123*888# dr HP. Kuota bisa dipake di Jaringan 2G/3G/4G. Info838. AXIS007","spam"
"73","2018-03-30 09:50:00","KESERUAN di JUMAT BAIK!! Hari ini promo BRONET DAYZ 8GB 30hr hny Rp49.000 dg akses *123*888# dr HP. Kuota bisa dipake di Jaringan 2G/3G/4G. Info838. AXIS007","spam"
"74","2018-03-30 09:42:00","(AXIS) Kuota utama paket internet kamu hanya 20% lagi. Cek detail pemakaian kamu di aplikasi AXISnet atau telp *889#. Info838","spam"
"75","2018-03-29 17:43:00","Toko.ADISA OLshop,PROMO Cuci Gudang,Harga Serba 500rb.Beli 2 Gratis 1.
Utk Produk Iphone,Samsung,Oppo,Vivo,Xiaomi.Yg Minat Slhkn Chat Via WA 083110448111","spam"
"76","2018-03-29 14:31:00","AGAR TDK DIBLOKIR,sgr registrasi ulang kartu prabayar Anda.Tlp dan SMS keluar diblokir mulai 1-31 Maret 2018.Ketik ULANG#NIK#No.KK SMS ke 4444.Info 838","spam"
"77","2018-03-29 12:33:00","PAKET BRONET 24JAM 5GB sudah aktif. Nikmati kuota 5GB berlaku di 00.00-23.59 aktif s.d 27-05-2018.Temukan PROMO menarik AXIS di aplikasi AXISnet! Info838","spam"
"78","2018-03-29 10:26:00","PAKET BRONET 24JAM 100MB sudah aktif. Nikmati kuota 100MB berlaku di 00.00-23.59 aktif s.d 29-03-2018.Temukan PROMO menarik AXIS di aplikasi AXISnet! Info838","spam"
"79","2018-03-29 10:26:00","PAKET BRONET 24JAM 100MB 1hr kamu akan segera aktif. Temukan PROMO menarik AXIS di aplikasi AXISnet. Sekarang AXIS sudah 4G Ready lho! Info838","spam"
"80","2018-03-29 09:18:00","(AXIS) Kuota 4G paket internet kamu telah digunakan seluruhnya. Penggunaan selanjutnya akan dikenakan tarif normal ya. Info838","spam"
"81","2018-03-28 20:34:00","AGAR TDK DIBLOKIR,sgr registrasi ulang kartu prabayar Anda.Tlp dan SMS keluar diblokir mulai 1-31 Maret 2018.Ketik ULANG#NIK#No.KK SMS ke 4444.Info 838","spam"
"82","2018-03-28 18:10:00","Tinggal 5jam lagi! 
AXIS Bronet 24jam 2GB CUMA 25rb,30hr (Norm 30,900). Dapetin skrg juga dgn Balas YA! Internetan ASYIK tetep IRIT.
Info838 AND11A","spam"
"83","2018-03-28 15:53:00","Cashback IDR500,000 limited for first 100 cardholders + 0% upto 24 mos with Credit Card at Tory Burch boutiques Jakarta&Surabaya, till 31Mar'18. T&C. Info 14041","ham"
"84","2018-03-28 14:43:00","Ciee yg dpt kesempatan menang Rp 75 Juta TANPA BIAYA dr AXIS! SELAMAT ya Km bs ikutan FANTAXIS!

Balas YA ke 99220 skrg!

Info: www.axisnet.id/fantaxis PFF11B","spam"
"85","2018-03-28 14:37:00","Only for Staff! Register w/CIMBNiaga email at shop.samsung .com/id_epp/cimbniaga. Disc upto 30%+Add Disc selected items +0% upto 24mos till 31Mar18. Info 14041","ham"
"86","2018-03-28 13:21:00","Telegram code 89789","ham"
"87","2018-03-28 13:20:00","Telegram code 89789","ham"
"88","2018-03-28 12:15:00","Pake BRONET 24Jam 8GB hny Rp59.900 di RAWIT *123*888# /app AXISnet bisa buat nonton film favorit di IFLIX.BONUS 1GB stlh beli BRONET mulai 5GB!!Info838.AXIS007","spam"
"89","2018-03-28 12:10:00","Nggak selamanya putus dgn pacar bawa pengaruh negatif. Ayo buktikan dgn nonton Film Legally Blonde, klik bit.ly/gnflx atau tkn *123*519# Info 08041911911. DSI3","spam"
"90","2018-03-28 12:06:00","Raih HP Samsung, UangJutaanRupiah, & GRATIS nton Film BOXOFFICE dgn klik http://bit.ly/klkflm tkan *123*535# Trf prpanjngan Rp4.400/3hari. Info 0217989808. DSI4","spam"
"91","2018-03-28 10:27:00","*Masih DISKON*
AXIS Bronet 24jam 2GB CUMA 25rb,30hr (Norm 30,900). Dapetin skrg juga dgn Balas YA! Internetan ASYIK tetep IRIT. AXIS 4G Ready
Info838 AND11A","spam"
"92","2018-03-28 10:20:00","Pake BRONET 24Jam 8GB hny Rp59.900 di RAWIT *123*888# /app AXISnet bisa buat nonton film favorit di IFLIX.BONUS 1GB stlh beli BRONET mulai 5GB!!Info838.AXIS007","spam"
"93","2018-03-28 05:41:00","iRing keren cuman buat km, Papinka-Cinta Dan Luka (Reff),Rp.0,1/3hr prpnjngan Rp.3190 dengan hnya bls YA lho!","spam"
"94","2018-03-27 22:58:00","De, dimana?","ham"
"95","2018-03-27 22:56:00","De, dimana ?","ham"
"96","2018-03-27 18:52:00","AXIS Berbagi DISKON! Bronet 24jam 2GB CUMA 25rb,30hr (Norm 30,900) Balas YA, utk dapetin skrg. Internetan makin eksis krn diskon dr AXIS! Info838 AND11A","spam"
"97","2018-03-27 17:33:00","AGAR TDK DIBLOKIR,sgr registrasi ulang kartu prabayar Anda.Tlp dan SMS keluar diblokir mulai 1-31 Maret 2018.Ketik ULANG#NIK#No.KK SMS ke 4444.Info 838","spam"
"98","2018-03-27 16:39:00","Pake BRONET 24Jam 8GB hny Rp59.900 di RAWIT *123*888# /app AXISnet bisa buat nonton film favorit di IFLIX.BONUS 1GB stlh beli BRONET mulai 5GB!!Info838.AXIS007","spam"
"99","2018-03-27 14:25:00","Kamu blm REG. Segera REGISTRASI ULANG.Pemblokiran mulai Senin 26Mar18.Ketik ULANG#NIK#No.KK# SMS ke 4444. Dptkn BNS 10GB+Nelp&SMS sepuasnya. Abaikan jk sdh REG","ham"
"100","2018-03-27 12:21:00","Cari tahu tips-tips supaya bisa menjadi Selebgram dengan tekan *123*513*1# .Tarif hanya Rp2.000/SMS. Info: 02129451227. DSI5","ham"
"101","2018-03-27 10:20:00","(AXIS) Kuota 4G paket internet kamu  hanya 20% lagi. Cek detail pemakaian kamu di aplikasi AXISnet atau telp *889#. Info838","spam"
"102","2018-03-26 23:54:00","Anda sedang dlm masa blokir. Sesuai dengan Peraturan Pemerintah, segera Registrasi Ulang dgn kirim SMS ke 4444, ketik ULANG#NIK(Nomor KTP)#Nomor Kartu Keluarga#","spam"
"103","2018-03-26 20:01:00","Teat","ham"
"104","2018-03-26 19:46:00"," Test","ham"
"105","2018-03-26 18:10:00","Anda sedang dlm masa blokir. Sesuai dengan Peraturan Pemerintah, segera Registrasi Ulang dgn kirim SMS ke 4444, ketik ULANG#NIK(Nomor KTP)#Nomor Kartu Keluarga#","spam"
"106","2018-03-26 17:10:00","Anda sedang dlm masa blokir. Sesuai dengan Peraturan Pemerintah, segera Registrasi Ulang dgn kirim SMS ke 4444, ketik ULANG#NIK(Nomor KTP)#Nomor Kartu Keluarga#","spam"
"107","2018-03-26 16:38:00","AGAR TDK DIBLOKIR,sgr registrasi ulang kartu prabayar Anda.Tlp dan SMS keluar diblokir mulai 1-31 Maret 2018.Ketik ULANG#NIK#No.KK SMS ke 4444.Info 838","spam"
"108","2018-03-26 15:57:00","Permintaan Collect SMS Kamu tidak diproses.","ham"
"109","2018-03-26 15:06:00","Agar tidak diblokir,segera registrasi ulang kartu prabayar Anda di http://bit.ly/myim3res Dptkn BONUS 10GB, Nelp&SMS sepuasnya + Cashback Tokopedia Rp50rb. DPI1","spam"
"110","2018-03-26 14:20:00","Kamu blm REG. Segera REGISTRASI ULANG.Pemblokiran mulai Senin 26Mar18.Ketik ULANG#NIK#No.KK# SMS ke 4444. Dptkn BNS 10GB+Nelp&SMS sepuasnya. Abaikan jk sdh REG","ham"
"111","2018-03-26 14:04:00","Internet Hemat Rp 10rb kuota 1.5GB (berlaku 7 hari). Penawaran khusus ini berlaku sd 27/03/18, ketik D3 ke 929 sekarang juga!","spam"
"112","2018-03-26 12:57:00","De  beliin makanan kucing","ham"
"113","2018-03-26 04:42:00","Sbg upaya peningkatan jaringan, sebagian pelanggan utk smntara akan mengalami gangguan.Mhn maaf atas hal ini.Kami terus berupaya utk peningkatan layanan kami.","spam"
"114","2018-03-25 23:33:00","Uber: Anda mendapatkan potongan 50% hingga Rp 15000, untuk 10 perjalanan uberX/XL/POOL/UberBLACK Anda. Ayo pesan Uber-mu sekarang! http://t.uber.com/nguber","spam"
"115","2018-03-25 21:37:00","Bpk OTW ya","ham"
"116","2018-03-25 21:33:00","Udh nyampe ?","ham"
"117","2018-03-25 21:33:00","Iya","ham"
"118","2018-03-25 20:07:00","De besok beliin makanan kucing","ham"
"119","2018-03-25 16:35:00","Tinggal 5jam lagi!
AXIS Bronet 24jam 2GB CUMA 25rb,30hr (Norm 30,900). Dapetin skrg juga dgn Balas YA! Internetan ASYIK tetep IRIT.
Info838 AND01A","spam"
"120","2018-03-25 16:32:00","(CITITRANS)CT: Pesanan anda tujuan Dipati Ukur-Fatmawati pd 2018-03-30 08:45:00 dgn no kursi 3 tercatat dgn kode booking BOAP18032609789","ham"
"121","2018-03-25 16:26:00","(CITITRANS)CT: Pesanan anda tujuan Dipati Ukur-Fatmawati pd 2018-03-25 17:15:00 dgn no kursi Ä2Ñ tercatat dgn kode booking BOCC1803251521964582609483","ham"
"122","2018-03-25 16:11:00","AGAR TDK DIBLOKIR,sgr registrasi ulang kartu prabayar Anda.Tlp dan SMS keluar diblokir mulai 1-31 Maret 2018.Ketik ULANG#NIK#No.KK SMS ke 4444.Info 838","spam"
"123","2018-03-25 14:07:00","Kamu blm REG. Segera REGISTRASI ULANG.Pemblokiran mulai Senin 26Mar18.Ketik ULANG#NIK#No.KK# SMS ke 4444. Dptkn BNS 10GB+Nelp&SMS sepuasnya. Abaikan jk sdh REG","ham"
"124","2018-03-25 10:12:00","Pelanggan Yth,untuk peningkatan kualitas layanan,akan dilakukan penataan frekuensi di Area Anda dalam 7 hari ke depan.Mhn maaf atas ketidaknyamanannya. Info:838","spam"
"125","2018-03-25 08:35:00","*Masih DISKON*
AXIS Bronet 24jam 2GB CUMA 25rb,30hr (Norm 30,900). Dapetin skrg juga dgn Balas YA! Internetan ASYIK tetep IRIT. AXIS 4G Ready
Info838 AND01A","spam"
"126","2018-03-24 12:33:00","Tiii td direject krn aku lg di kamar mandi. Okee gpp ti","ham"
"127","2018-03-24 12:21:00","GRATIS UNLIMITED YOUTUBE PLUS INTERNET 7GB + CHAT & SOSMED + SMS selama 30hari. Data Rollover. PROMO 70Rb (Normal 80rb). Tekan menu *123# dari Ponsel Kamu. CPI3","spam"
"128","2018-03-24 12:15:00","Hanya utk kamu! Dptkan pulsa SOS Rp10000 utk dipakai ke semua operator sd 7hr. Pembayaran Rp10000 & BeaJasa Rp3000 yg dipotong saat isi Pulsa. Balas YA ke 505 /tkn*505#","spam"
"129","2018-03-24 11:46:00","Penawaran terbatas! Aktifkan Paket Khusus: IM3 Freedom Bundle hanya utk Smartphone Anda, balas SMS ke 990, ketik F50 dpt Kuota 12GB hanya Rp50rb/bln atau F25 dpt Kuota 2GB hanya Rp25rb/bln selama 12 bulan. Pastikan Pulsa Cukup.","spam"
"130","2018-03-24 11:35:00","Kamu blm REG. Segera REGISTRASI ULANG.Pemblokiran mulai Senin 26Mar18.Ketik ULANG#NIK#No.KK# SMS ke 4444. Dptkn BNS 10GB+Nelp&SMS sepuasnya. Abaikan jk sdh REG","ham"
"131","2018-03-24 11:35:00","Pulsa minimum kamu tidak cukup untuk mengaktifkan paket ini. Isi ulang pulsamu & aktifkan paketnya dgn aplikasi AXISnet atau telp *123#. Info838","spam"
"132","2018-03-24 09:13:00","DISKON main & makan cantik di weekend, tiket masuk Trans Studio Bandung, Kidzania, Sindu Kusuma Edupark, Kebab Baba Rafi, dll. Download AXISnet axisnet.id/app","spam"
"133","2018-03-24 08:35:00","AXIS Berbagi DISKON! Bronet 24jam 2GB CUMA 25rb,30hr (Norm 30,900) Balas YA, utk dapetin skrg. Internetan makin eksis krn diskon dr AXIS! Info838 AND01A","spam"
"134","2018-03-23 18:26:00","AGAR TDK DIBLOKIR,sgr registrasi ulang kartu prabayar Anda.Tlp dan SMS keluar diblokir mulai 1-31 Maret 2018.Ketik ULANG#NIK#No.KK SMS ke 4444.Info 838","spam"
"135","2018-03-23 16:32:00","Tinggal 5jam lagi!
AXIS Bronet 24jam 2GB CUMA 25rb,30hr (Norm 30,900). Dapetin skrg juga dgn Balas YA! Internetan ASYIK tetep IRIT.
Info838 AND01A","spam"
"136","2018-03-23 13:27:00","Kamu blm REG. Segera REGISTRASI ULANG.Pemblokiran mulai Senin 26Mar18.Ketik ULANG#NIK#No.KK# SMS ke 4444. Dptkn BNS 10GB+Nelp&SMS sepuasnya. Abaikan jk sdh REG","ham"
"137","2018-03-23 12:16:00","Cashback IDR500,000 limited for first 100 cardholders + 0% upto 24 mos with Credit Card at Tory Burch boutiques Jakarta&Surabaya, till 31Mar'18. T&C. Info 14041","ham"
"138","2018-03-23 12:09:00","Waspada penipuan! Bank dan stafnya tidak pernah meminta data rahasia seperti PIN, password, passcode, user ID untuk alasan apapun. Info 14041","ham"
"139","2018-03-23 09:42:00","BRONET 24Jam 5GB Rp45.900 hny di JUMAT BAIK dg akses *123*888# /app AXISnet dr HP, dapet BONUS 1GB setelah pembelian, berlaku di semua jaringan.Info838.AXIS007","spam"
"140","2018-03-23 08:40:00","*Masih DISKON*
AXIS Bronet 24jam 2GB CUMA 25rb,30hr (Norm 30,900). Dapetin skrg juga dgn Balas YA! Internetan ASYIK tetep IRIT. AXIS 4G Ready
Info838 AND01A","spam"
"141","2018-03-22 21:13:00","Dimana de?","ham"
"142","2018-03-22 14:43:00","Proses PEMBLOKIRAN bg yg blm REGISTRASI sdg berjalan. SEGERA  REGISTRASI ULANG. Dptkan BONUS 10GB+Nelpon&SMS sepuasnya u/3hr. Ketik ULANG#NIK#No.KK# SMS ke4444","spam"
"143","2018-03-22 14:32:00","Ciee yg dpt kesempatan menang Rp 75 Juta TANPA BIAYA dr AXIS! SELAMAT ya Km bs ikutan FANTAXIS!

Balas YA ke 99220 skrg!

Info: www.axisnet.id/fantaxis PFF11B","spam"
"144","2018-03-22 13:39:00","Ok","ham"
"145","2018-03-22 13:16:00","Bonus IM3PUAS : Masih ada Bonus GRATIS 1000 SMS ke Indosat dan 19 SMS ke operator lain berlaku skrg s.d jam 23.59. Ayo pakai terus GRATIS SMSnya","spam"
"146","2018-03-22 13:07:00","Hanya utk kamu! Dptkan pulsa SOS Rp10000 utk dipakai ke semua operator sd 7hr. Pembayaran Rp10000 & BeaJasa Rp3000 yg dipotong saat isi Pulsa. Balas YA ke 505 /tkn*505#","spam"
"147","2018-03-22 13:01:00","Bonus IM3PUAS : Kamu dpt GRATIS 1000 SMS ke Indosat dan 20 SMS ke operator lain berlaku sekarang s.d jam 23.59. Cek bonus *555*12#","spam"
"148","2018-03-22 11:52:00","AXIS Berbagi DISKON! Bronet 24jam 2GB CUMA 25rb,30hr (Norm 30,900) Balas YA, utk dapetin skrg. Internetan makin eksis krn diskon dr AXIS! Info838 AND01A","spam"
"149","2018-03-22 10:00:00","Cashback IDR500,000 limited for first 100 cardholders + 0% upto 24 mos with Credit Card at Tory Burch boutiques Jakarta&Surabaya, till 31Mar'18. T&C. Info 14041","ham"
"150","2018-03-22 00:37:00","awas ketinggalan iRing Armada-Pulang Malu Tak Pulang Rindu, Rp.0,1/3hr prpnjngan Rp.3190 .Lngsung bls YA aja ya!","spam"
"151","2018-03-21 15:40:00","AGAR TDK DIBLOKIR,sgr registrasi ulang kartu prabayar Anda.Tlp dan SMS keluar diblokir mulai 1-31 Maret 2018.Ketik ULANG#NIK#No.KK SMS ke 4444.Info 838","spam"
"152","2018-03-21 14:20:00","AGAR TIDAK DIBLOKIR, segera registrasi ulang kartu prabayar Anda. Telepon & SMS keluar diblokir mulai 1-31 Maret 2018. Ketik: ULANG#NIK#nomorKK#  SMS ke 4444","ham"
"153","2018-03-21 12:45:00","Bonus IM3PUAS : Masih ada Bonus GRATIS 1000 SMS ke Indosat dan 49 SMS ke operator lain berlaku skrg s.d jam 23.59. Ayo pakai terus GRATIS SMSnya","spam"
"154","2018-03-21 12:44:00","Udh de ?","ham"
"155","2018-03-21 12:42:00","PAKET BRONET 4G OWSEM 4GB sudah aktif. 1GB kuota utama+3GB kuota 4G berlaku di jam 00-23.59 s.d 19-04-2018.Info838","spam"
"156","2018-03-21 12:41:00","PAKET BRONET 4G OWSEM 4GB 30hr kamu akan segera aktif. Temukan PROMO menarik AXIS lainnya di aplikasi AXISnet kamu. Info838","spam"
"157","2018-03-21 12:36:00","GRATIS INTERNET 3GB plus UNLIMITED CHAT & SOSMED + SMS selama 30hari. DataRollover. PROMO 50Rb (Normal 60rb). MAU? Tekan C23 kirim SMS ke 929 sekarang","spam"
"158","2018-03-21 12:29:00","Isi ulang Rp50000.0 berhasil. Kode transaksi 66310321460399. Yuk registrasi ulang kartu AXIS kamu! Kirim SMS ke 4444 dgn format : ULANG#NIK#No.KK","spam"
"159","2018-03-21 12:28:00","Udh ya","ham"
"160","2018-03-21 12:23:00","Hanya utk kamu! Dptkan pulsa SOS Rp10000 utk dipakai ke semua operator sd 7hr. Pembayaran Rp10000 & BeaJasa Rp3000 yg dipotong saat isi Pulsa. Balas YA ke 505 /tkn*505#","spam"
"161","2018-03-21 12:23:00","Bonus IM3PUAS : Kamu dpt GRATIS 1000 SMS ke Indosat dan 50 SMS ke operator lain berlaku sekarang s.d jam 23.59. Cek bonus *555*12#","spam"
"162","2018-03-21 11:18:00","(AXIS) Kuota utama paket internet kamu telah digunakan seluruhnya. Penggunaan selanjutnya akan dikenakan tarif normal ya. Info838","spam"
"163","2018-03-21 11:18:00","(AXIS) Kamu sdg internetan tanpa paket internet. Pulsa kamu saat ini 75. Lebih IRIT dgn aktifkan paket Internet AXIS, telp *123*887# sekarang! Info838","spam"
"164","2018-03-21 11:18:00","Cashback IDR500,000 limited for first 100 cardholders + 0% upto 24 months with Credit Card at Tory Burch boutiques Jakarta & Surabaya, 21Mar'18. T&C. Info 14041","ham"
"165","2018-03-21 09:06:00","*Masih DISKON*
AXIS Bronet 24jam 2GB CUMA 25rb,30hr (Norm 30,900). Dapetin skrg juga dgn Balas YA! Internetan ASYIK tetep IRIT. AXIS 4G Ready
Info838 AND01A","spam"
"166","2018-03-20 23:22:00","iRing keren cuman buat km, Evi Masamba-Aku Rindu,Rp.0,1/3hr prpnjngan Rp.3190 dengan hnya bls YA lho!","spam"
"167","2018-03-20 17:04:00","AGAR TDK DIBLOKIR,sgr registrasi ulang kartu prabayar Anda.Tlp dan SMS keluar diblokir mulai 1-31 Maret 2018.Ketik ULANG#NIK#No.KK SMS ke 4444.Info 838","spam"
"168","2018-03-20 15:53:00","AXIS Berbagi DISKON! Bronet 24jam 2GB CUMA 25rb,30hr (Norm 30,900) Balas YA, utk dapetin skrg. Internetan makin eksis krn diskon dr AXIS! Info838 AND01A","spam"
"169","2018-03-20 14:48:00","Proses PEMBLOKIRAN bg yg blm REGISTRASI sdg berjalan. SEGERA  REGISTRASI ULANG. Dptkan BONUS 10GB+Nelpon&SMS sepuasnya u/3hr. Ketik ULANG#NIK#No.KK# SMS ke4444","spam"
"170","2018-03-20 13:21:00","Mau tahu apakah pasangan benar-benar sayang sama kamu? Ayo buktikan dgn tips dari Meike Rose, tkn *123*504# Tarif Rp2.200/SMS, 2SMS/mgu. Info: 021 8308171. DSI7","spam"
"171","2018-03-20 13:09:00","Pake BRONET 24Jam 8GB hny Rp59.900 di RAWIT *123*888# /app AXISnet bisa buat nonton film favorit di IFLIX.BONUS 1GB stlh beli BRONET mulai 5GB!!Info838.AXIS007","spam"
"172","2018-03-20 11:51:00","20/03/2018 11:51 Pada No. Rek 378088918 ada dana keluar sebesar Rp 250.000,00. Saldo akhir: Rp 564.097,00.Berita: BILL PAYMENT  GOPAY CUST    NO  16152152107777","ham"
"173","2018-03-20 11:46:00","20/03/2018 11:46 Pada No. Rek 378088918 ada dana keluar sebesar Rp 250.000,00. Saldo akhir: Rp 814.097,00.Berita: TARIK TUNAI.","ham"
"174","2018-03-19 21:31:00","(AXIS) Kuota utama paket internet kamu hanya 20% lagi. Cek detail pemakaian kamu di aplikasi AXISnet atau telp *889#. Info838","spam"
"175","2018-03-19 16:12:00","AGAR TDK DIBLOKIR,sgr registrasi ulang kartu prabayar Anda.Tlp dan SMS keluar diblokir mulai 1-31 Maret 2018.Ketik ULANG#NIK#No.KK SMS ke 4444.Info 838","spam"
"176","2018-03-19 14:49:00","AGAR TIDAK DIBLOKIR, segera registrasi ulang kartu prabayar Anda. Telepon & SMS keluar diblokir mulai 1-31 Maret 2018. Ketik: ULANG#NIK#nomorKK#  SMS ke 4444","ham"
"177","2018-03-19 14:44:00","Ciee yg dpt kesempatan menang Rp 75 Juta TANPA BIAYA dr AXIS! SELAMAT ya Km bs ikutan FANTAXIS!

Balas YA ke 99220 skrg!

Info: www.axisnet.id/fantaxis","spam"
"178","2018-03-19 14:43:00","Pulsa tdk cukup/sdg dlm masa tenggang. Isi pulsa & aktifkan Unlimited+ untuk nikmati INTERNETAN & NelpSMS SEPUASNYA. Info *123# atau http://im3.do/m3","spam"
"179","2018-03-19 11:31:00","Dapatkan tips seputar hubungan asmara langsung dari ahlinya! Tekan *123*554*6# . Tarif Rp2.200/SMS, 3SMS/minggu. Info: 08001009189. DSI4","spam"
"180","2018-03-18 16:08:00","Tinggal 5jam lagi! 
AXIS Bronet 24jam 2GB CUMA 25rb,30hr (Norm 30,900). Dapetin skrg juga dgn Balas YA! Internetan ASYIK tetep IRIT.
Info838 AND01A","spam"
"181","2018-03-18 14:59:00","(AXIS) Kuota utama paket internet kamu telah digunakan seluruhnya. Penggunaan selanjutnya akan dikenakan tarif normal ya. Info838","spam"
"182","2018-03-18 14:32:00","1 hari lg prpanjangan Unlimited+3GB. Jgn lupa isi pulsa agar tetap bisa INTERNETAN SEPUASNYA dan trhindar tarif perKB. Beli paket lg di*123# atau http://im3.do","spam"
"183","2018-03-18 12:14:00","Proses PEMBLOKIRAN bg yg blm REGISTRASI sdg berjalan. SEGERA  REGISTRASI ULANG. Dptkan BONUS 10GB+Nelpon&SMS sepuasnya u/3hr. Ketik ULANG#NIK#No.KK# SMS ke4444","spam"
"184","2018-03-18 12:04:00","AGAR TDK DIBLOKIR,sgr registrasi ulang kartu prabayar Anda.Tlp dan SMS keluar diblokir mulai 1-31 Maret 2018.Ketik ULANG#NIK#No.KK SMS ke 4444.Info 838","spam"
"185","2018-03-17 21:48:00","(AXIS) Kuota utama paket internet kamu hanya 20% lagi. Cek detail pemakaian kamu di aplikasi AXISnet atau telp *889#. Info838","spam"
"186","2018-03-17 16:17:00","ibu saya sudah sampai di depan lobby tower A","ham"
"187","2018-03-17 14:35:00","2 hari lg prpanjangan Unlimited+3GB. Jgn lupa isi pulsa agar tetap bisa INTERNETAN SEPUASNYA dan trhindar tarif perKB. Beli paket lg di*123# atau http://im3.do","spam"
"188","2018-03-17 12:26:00","AGAR TDK DIBLOKIR,sgr registrasi ulang kartu prabayar Anda.Tlp dan SMS keluar diblokir mulai 1-31 Maret 2018.Ketik ULANG#NIK#No.KK SMS ke 4444.Info 838","spam"
"189","2018-03-17 11:51:00","17/03/2018 11:50 Pada No. Rek 378088918 ada dana keluar sebesar Rp 199.932,00. Saldo akhir: Rp 1.064.097,00.Berita: TRF PAY TOP UP ECHANNEL.","ham"
"190","2018-03-17 11:51:00","Kereta Api GMR - BD, 24 Mar 07:50 BookingCode: W6UQ6T Kereta: ArgoParahyanganPremium(Eko) No 7058 Kursi: PREMIUM-7/3C,3D","ham"
"191","2018-03-17 11:50:00","Tiket.com Thank you, we've received your payment for OrderId 43049655. Please kindly check your email in 5 minutes and check your spam folder too.","ham"
"192","2018-03-17 11:49:00","AGAR TIDAK DIBLOKIR, segera registrasi ulang kartu prabayar Anda. Telepon & SMS keluar diblokir mulai 1-31 Maret 2018. Ketik: ULANG#NIK#nomorKK#  SMS ke 4444","ham"
"193","2018-03-17 11:20:00","(CITITRANS)CT: Pesanan anda tujuan Dipati Ukur-Fatmawati pd 2018-03-25 17:15:00 dgn no kursi 1,2 tercatat dgn kode booking BOAP18031584631","ham"
"194","2018-03-17 08:10:00","AXIS Berbagi DISKON! Bronet 24jam 2GB CUMA 25rb,30hr (Norm 30,900) Balas YA, utk dapetin skrg. Internetan makin eksis krn diskon dr AXIS! Info838 AND01A","spam"
"195","2018-03-16 21:19:00","BRONET 24Jam 2GB hny Rp24.900 (normal Rp29.900) bisa buat nonton IFLIX dg beli di *123*888# / AXISNET.Yuk, beli paketnya spy WEEKND-mu SERU..!! Info838.AXIS007","spam"
"196","2018-03-16 19:19:00","BRONET 24Jam 2GB hny Rp24.900 (normal Rp29.900) bisa buat nonton IFLIX dg beli di *123*888# / AXISNET.Yuk, beli paketnya spy WEEKND-mu SERU..!! Info838.AXIS007","spam"
"197","2018-03-16 17:28:00","Ciee yg dpt kesempatan menang Rp 75 Juta TANPA BIAYA dr AXIS! SELAMAT ya Km bs ikutan FANTAXIS!

Balas YA ke 99220 skrg!

Info: www.axisnet.id/fantaxis","spam"
"198","2018-03-16 16:38:00","Proses PEMBLOKIRAN bg yg blm REGISTRASI sdg berjalan. SEGERA  REGISTRASI ULANG. Dptkan BONUS 10GB+Nelpon&SMS sepuasnya u/3hr. Ketik ULANG#NIK#No.KK# SMS ke4444","spam"
"199","2018-03-16 15:01:00","AGAR TDK DIBLOKIR,sgr registrasi ulang kartu prabayar Anda.Tlp dan SMS keluar diblokir mulai 1-31 Maret 2018.Ketik ULANG#NIK#No.KK SMS ke 4444.Info 838","spam"
"200","2018-03-16 14:33:00","3 hari lg prpanjangan Unlimited+3GB. Jgn lupa isi pulsa agar tetap bisa INTERNETAN SEPUASNYA dan trhindar tarif perKB. Beli paket lg di*123# atau http://im3.do","spam"
"201","2018-03-16 14:08:00","Paket nelpon sepuasnya ke sesama Indosat Ooredoo + internet 1GB, hanya Rp 15rb, berlaku 7 hari. Ketik C13 ke 929 sd18/03/18.","spam"
"202","2018-03-16 13:30:00","SEGERA REGISTRASI ULANG kartumu krn proses PEMBLOKIRAN sdg berjalan.BONUS 10GB nelpon&SMS sepuasnya.Ketik ULANG#NIK#No.KK# SMS ke4444. Abaikan jika sdh REG","ham"
"203","2018-03-16 13:29:00","TOPUP pulsa Rp 25000 berhasil via SMSBANKING CIMB_NIAGA kode trx 0316132944444041. Pulsa anda saat ini Rp 25000. Terima kasih telah menggunakan INDOSAT OOREDOO","spam"
"204","2018-03-16 11:25:00","Pelanggan Yth, Pulsa Anda tdk mencukupi. Tersedia PULSA SIAGA utk Anda, pembyran dilakukan saat isi pulsa, hub *911# atau bls SMS ini ktk 0","spam"
"205","2018-03-16 10:34:00","Mau tahu tutorial cara memakai hijab ala Selebgram? Ayo nonton videonya di *123*513*1# Tarif Rp2.000/SMS. Info: 02129451227. DSI3","spam"
"206","2018-03-15 17:11:00","AGAR TDK DIBLOKIR,sgr registrasi ulang kartu prabayar Anda.Tlp dan SMS keluar diblokir mulai 1-31 Maret 2018.Ketik ULANG#NIK#No.KK SMS ke 4444.Info 838","spam"
"207","2018-03-15 14:44:00","AGAR TIDAK DIBLOKIR, segera registrasi ulang kartu prabayar Anda. Telepon & SMS keluar diblokir mulai 1-31 Maret 2018. Ketik: ULANG#NIK#nomorKK#  SMS ke 4444","ham"
"208","2018-03-15 11:03:00","Pelanggan Yth, Pulsa Anda tdk mencukupi. Tersedia PULSA SIAGA utk Anda, pembyran dilakukan saat isi pulsa, hub *911# atau bls SMS ini ktk 0","spam"
"209","2018-03-15 07:21:00","(AXIS) Kuota utama paket internet kamu telah digunakan seluruhnya. Penggunaan selanjutnya akan dikenakan tarif normal ya. Info838","spam"
"210","2018-03-14 23:16:00","(AXIS) Kuota utama paket internet kamu hanya 20% lagi. Cek detail pemakaian kamu di aplikasi AXISnet atau telp *889#. Info838","spam"
"211","2018-03-14 18:11:00","Gadis Cantik Bola ini bikin baper ribuan penonton, kamu ga akan percaya. Hub *123*534*3# dan Pilih 1 OK untuk lihat. Hubungi sekarang sebelum video diblokir.","spam"
"212","2018-03-14 16:26:00","AGAR TDK DIBLOKIR,sgr registrasi ulang kartu prabayar Anda.Tlp dan SMS keluar diblokir mulai 1-31 Maret 2018.Ketik ULANG#NIK#No.KK SMS ke 4444.Info 838","spam"
"213","2018-03-14 15:39:00","Untuk kamu penggemar film action, ayo nonton aksi seru Liam Neeson dalam film TAKEN dengan klik bit.ly/gnflx atau tekan *123*519#. Info: 08041911911. DSI1","spam"
"214","2018-03-14 15:17:00","Pelanggan Yth, Pulsa Anda tdk mencukupi. Tersedia PULSA SIAGA utk Anda, pembyran dilakukan saat isi pulsa, hub *911# atau bls SMS ini ktk 0","spam"
"215","2018-03-14 14:49:00","Proses PEMBLOKIRAN bg yg blm REGISTRASI sdg berjalan. SEGERA  REGISTRASI ULANG. Dptkan BONUS 10GB+Nelpon&SMS sepuasnya u/3hr. Ketik ULANG#NIK#No.KK# SMS ke4444","spam"
"216","2018-03-14 13:00:00","Promo BRONET 24Jam 5GB 30hr hny Rp45.900 dg akses *123*888# / app AXISnet dr HP di RABU RAWIT hari ini!! Klaim BONUS 1GB setelah pembelian!! Info838. AXIS007","spam"
"217","2018-03-14 08:23:00","Internet Hemat Rp 10rb kuota 1.5GB (berlaku 7 hari). Penawaran khusus ini berlaku sd 15/03/18, ketik D3 ke 929 sekarang juga!","spam"
"218","2018-03-14 08:04:00","Pelanggan Yth, Pulsa Anda tdk mencukupi. Tersedia PULSA SIAGA utk Anda, pembyran dilakukan saat isi pulsa, hub *911# atau bls SMS ini ktk 0","spam"
"219","2018-03-13 21:36:00","(AXIS) Kuota 4G paket internet kamu telah digunakan seluruhnya. Penggunaan selanjutnya akan dikenakan tarif normal ya. Info838","spam"
"220","2018-03-13 19:23:00","Pelanggan Yth, Pulsa Anda tdk mencukupi. Tersedia PULSA SIAGA utk Anda, pembyran dilakukan saat isi pulsa, hub *911# atau bls SMS ini ktk 0","spam"
"221","2018-03-13 19:20:00","AGAR TDK DIBLOKIR,sgr registrasi ulang kartu prabayar Anda.Tlp dan SMS keluar diblokir mulai 1-31 Maret 2018.Ketik ULANG#NIK#No.KK SMS ke 4444.Info 838","spam"
"222","2018-03-13 15:45:00","Find Your Best Fit Skinny Jeans! GRATIS The Body Shop Shower Gel & Voucher Rp.100.000 dgn jawab pertanyaan di FIT FINDER : http://bit.ly/2ttIOuV sblm 18 Mar'18. SKB","spam"
"223","2018-03-13 15:35:00","AGAR TIDAK DIBLOKIR, segera registrasi ulang kartu prabayar Anda. Telepon & SMS keluar diblokir mulai 1-31 Maret 2018. Ketik: ULANG#NIK#nomorKK#  SMS ke 4444","ham"
"224","2018-03-13 12:41:00","Ciee yg dpt kesempatan menang Rp 75 Juta TANPA BIAYA dr AXIS! SELAMAT ya Km bs ikutan FANTAXIS!

Cek di *123*444*1# skrg!

Info: www.axisnet.id/fantaxis","spam"
"225","2018-03-13 09:31:00","Cashback up to IDR 500.000,- + 0% until 24 months for Apple with Credit Card at iBox store, 09-18 Mar 2018. T&C. Info 14041","ham"
"226","2018-03-13 08:09:00","AXIS Berbagi DISKON! Bronet 24jam 2GB CUMA 25rb,30hr (Norm 30,900) Balas YA, utk dapetin skrg. Internetan makin eksis krn diskon dr AXIS! Info838 AND01A","spam"
"227","2018-03-12 22:15:00","(AXIS) Kuota 4G paket internet kamu  hanya 20% lagi. Cek detail pemakaian kamu di aplikasi AXISnet atau telp *889#. Info838","spam"
"228","2018-03-11 23:28:00","Uber: Anda mendapatkan potongan 50% hingga Rp 15000, untuk 10 perjalanan uberX/XL/POOL/UberBLACK Anda. Ayo pesan Uber-mu sekarang! http://t.uber.com/nguber","spam"
"229","2018-03-11 10:40:00","Proses PEMBLOKIRAN bg yg blm REGISTRASI sdg berjalan. SEGERA  REGISTRASI ULANG. Dptkan BONUS 10GB+Nelpon&SMS sepuasnya u/3hr. Ketik ULANG#NIK#No.KK# SMS ke4444","spam"
"230","2018-03-10 14:40:00","AGAR TIDAK DIBLOKIR, segera registrasi ulang kartu prabayar Anda. Telepon & SMS keluar diblokir mulai 1-31 Maret 2018. Ketik: ULANG#NIK#nomorKK#  SMS ke 4444","ham"
"231","2018-03-10 12:43:00","Ciee yg dpt kesempatan menang Rp 75 Juta TANPA BIAYA dr AXIS! SELAMAT ya Km bs ikutan FANTAXIS!

Cek di *123*444*1# skrg!

Info: www.axisnet.id/fantaxis","spam"
"232","2018-03-10 00:53:00","Perpanjangan PAKET BRONET 24JAM 100MB 1hr Rp3500 tidak berhasil.Pulsa kartu AXISmu tidak cukup utk perpanjangan otomatis. Silakan Isi ulang kembali ya.Info838","spam"
"233","2018-03-09 20:14:00","AGAR TDK DIBLOKIR,sgr registrasi ulang kartu prabayar Anda.Tlp dan SMS keluar diblokir mulai 1-31 Maret 2018.Ketik ULANG#NIK#No.KK SMS ke 4444.Info 838","spam"
"234","2018-03-09 15:46:00","M  S    C  O  D  E        50  64  90  ","ham"
"235","2018-03-09 15:44:00","M  S    C  O  D  E        12  02    ","ham"
"236","2018-03-09 11:06:00","Proses PEMBLOKIRAN bg yg blm REGISTRASI sdg berjalan. SEGERA  REGISTRASI ULANG. Dptkan BONUS 10GB+Nelpon&SMS sepuasnya u/3hr. Ketik ULANG#NIK#No.KK# SMS ke4444","spam"
"237","2018-03-09 09:42:00","BRONET DAYZ 17GB Rp89.000 hny di JUMAT BAIK dg akses *123*888# /app AXISnet dr HP, dapet BONUS 1GB setelah pembelian, berlaku di semua jaringan.Info838.AXIS007","spam"
"238","2018-03-09 09:37:00","Pelanggan Yth, Pulsa Anda tdk mencukupi. Tersedia PULSA SIAGA utk Anda, pembyran dilakukan saat isi pulsa, hub *911# atau bls SMS ini ktk 0","spam"
"239","2018-03-09 01:23:00","Perpanjangan PAKET BRONET 24JAM 100MB 1hr Rp3500 berhasil. Nikmati 100MB berlaku di 00.00-23.59,aktif s.d 09-03-2018.Cek kuota km di aplikasi AXISnet.Info838","spam"
"240","2018-03-08 16:20:00","Paket kamu akan diperpanjang otomatis HARI INI ke PAKET BRONET 24JAM 100MB 1hr Rp3500. Pastikan pulsa kamu min5rb ya. Info838","spam"
"241","2018-03-08 12:25:00","AGAR TIDAK DIBLOKIR, segera registrasi ulang kartu prabayar Anda. Telepon & SMS keluar diblokir mulai 1-31 Maret 2018. Ketik: ULANG#NIK#nomorKK#  SMS ke 4444","ham"
"242","2018-03-08 10:45:00","AGAR TIDAK DIBLOKIR, segera registrasi ulang kartu prabayar Anda. Telepon & SMS keluar diblokir mulai 1-31 Maret 2018. Ketik: ULANG#NIK#nomorKK#  SMS ke 4444","ham"
"243","2018-03-08 10:22:00","Internet Hemat Rp 10rb kuota 1.5GB (berlaku 7 hari). Penawaran khusus ini berlaku sd 09/03/18, ketik D3 ke 929 sekarang juga!","spam"
"244","2018-03-08 10:18:00","GRATIS UNLIMITED YOUTUBE PLUS INTERNET 7GB + CHAT & SOSMED + SMS selama 30hari. Data Rollover. PROMO 70Rb (Normal 80rb). MAU? Tekan OK kirim SMS ke 929 sd 10/03/18","spam"
"245","2018-03-08 09:52:00","Ya","ham"
"246","2018-03-08 09:20:00","Kamu baru menikmati BEBAS SMS ke sesama IM3 Ooredoo. Nikmati Penawaran paket TERBAIK di *123# atau myIM3 http://im3.do/m3","spam"
"247","2018-03-08 09:15:00","De blin makan kucing  ","ham"
"248","2018-03-08 00:50:00","Perpanjangan PAKET BRONET 24JAM 100MB 1hr Rp3500 berhasil. Nikmati 100MB berlaku di 00.00-23.59,aktif s.d 08-03-2018.Cek kuota km di aplikasi AXISnet.Info838","spam"
"249","2018-03-08 00:37:00","Pelanggan 6285722688068, Anda masih mempunyai point yang blom di tukar. Cek point anda dan tukarkan dengan PULSA dan JUTAAN hadiah. Cek di *123*518*1# sekarang.","spam"
"250","2018-03-07 21:35:00","Ayo diaktifkan iRing KERENnya, Iqbaal Ramadhan-Rindu Sendiri (OST Dilan 1990) (R) Rp.0,1/3hr prpnjngan Rp.3190 hnya dgn balas YA!","spam"
"251","2018-03-07 19:05:00","Tinggal 5jam lagi! 
AXIS Bronet 24jam 2GB CUMA 15rb,30hr (Norm 30,900). Dapetin skrg juga dgn Balas YA! Internetan ASYIK tetep IRIT.
Info838 AND01B","spam"
"252","2018-03-07 17:13:00","HARI INI promo BRONET 24Jam 8GB Rp59.900 di *123*888# / AXISnet buat nonton film favorit di IFLIX (bebas biaya langganan).BONUS 1GB stlh beli! Info838. AXIS007","spam"
"253","2018-03-07 15:41:00","AGAR TDK DIBLOKIR,sgr registrasi ulang kartu prabayar Anda.Tlp dan SMS keluar diblokir mulai 1-31 Maret 2018.Ketik ULANG#NIK#No.KK SMS ke 4444.Info 838","spam"
"254","2018-03-07 15:17:00","Paket kamu akan diperpanjang otomatis HARI INI ke PAKET BRONET 24JAM 100MB 1hr Rp3500. Pastikan pulsa kamu min5rb ya. Info838","spam"
"255","2018-03-07 12:07:00","HARI INI promo BRONET 24Jam 8GB Rp59.900 di *123*888# / AXISnet buat nonton film favorit di IFLIX (bebas biaya langganan).BONUS 1GB stlh beli! Info838. AXIS007","spam"
"256","2018-03-07 11:32:00","Proses PEMBLOKIRAN bg yg blm REGISTRASI sdg berjalan. SEGERA  REGISTRASI ULANG. Dptkan BONUS 10GB+Nelpon&SMS sepuasnya u/3hr. Ketik ULANG#NIK#No.KK# SMS ke4444","spam"
"257","2018-03-07 01:39:00","Perpanjangan PAKET BRONET 24JAM 100MB 1hr Rp3500 berhasil. Nikmati 100MB berlaku di 00.00-23.59,aktif s.d 07-03-2018.Cek kuota km di aplikasi AXISnet.Info838","spam"
"258","2018-03-06 21:10:00","awas ketinggalan iRing Ajeng&PanasDalam-Dulu Kita Masih Remaja (OST Dilan) (CNY), Rp.0,1/3hr prpnjngan Rp.3190 .Lngsung bls YA aja ya!","spam"
"259","2018-03-06 19:39:00","AGAR TDK DIBLOKIR,sgr registrasi ulang kartu prabayar Anda.Tlp dan SMS keluar diblokir mulai 1-31 Maret 2018.Ketik ULANG#NIK#No.KK SMS ke 4444.Info 838","spam"
"260","2018-03-06 17:38:00","Paket kamu akan diperpanjang otomatis HARI INI ke PAKET BRONET 24JAM 100MB 1hr Rp3500. Pastikan pulsa kamu min5rb ya. Info838","spam"
"261","2018-03-06 15:50:00","K-On! bisa km nikmati di Sushiroll dgn klik bit.ly/ssirll atau tkn *123*536*3# . Beli pkt berlangganannya & dptkan promo Rp1.000 utk 3hr! Info: 08041911911 DSI3","spam"
"262","2018-03-06 15:45:00","Besok ada interview kerja? Cari tahu dulu tips-tips nya biar nggak grogi dan sukses. Tekan *123*543*2#. Tarif Rp2.200/3hari. Info: 08001401686 DSI8","ham"
"263","2018-03-06 11:52:00","AXIS Berbagi DISKON! Bronet 24jam 2GB CUMA 15rb,30hr (Norm 30,900) Balas YA, utk dapetin skrg. Internetan makin eksis krn diskon dr AXIS! Info838 AND01B","spam"
"264","2018-03-06 01:30:00","Perpanjangan PAKET BRONET 24JAM 100MB 1hr Rp3500 berhasil. Nikmati 100MB berlaku di 00.00-23.59,aktif s.d 06-03-2018.Cek kuota km di aplikasi AXISnet.Info838","spam"
"265","2018-03-05 18:16:00","AGAR TDK DIBLOKIR,sgr registrasi ulang kartu prabayar Anda.Tlp dan SMS keluar diblokir mulai 1-31 Maret 2018.Ketik ULANG#NIK#No.KK SMS ke 4444.Info 838","spam"
"266","2018-03-05 17:24:00","Paket kamu akan diperpanjang otomatis HARI INI ke PAKET BRONET 24JAM 100MB 1hr Rp3500. Pastikan pulsa kamu min5rb ya. Info838","spam"
"267","2018-03-05 15:55:00","PAKET BRONET 4G OWSEM 4GB 30hr kamu akan segera aktif. Temukan PROMO menarik AXIS lainnya di aplikasi AXISnet kamu. Info838","spam"
"268","2018-03-05 15:54:00","PAKET BRONET 4G OWSEM 4GB sudah aktif. 1GB kuota utama+3GB kuota 4G berlaku di jam 00-23.59 s.d 03-04-2018.Info838","spam"
"269","2018-03-05 15:52:00","Isi ulang Rp50000.0 berhasil. Kode transaksi 66310305250914. Yuk registrasi ulang kartu AXIS kamu! Kirim SMS ke 4444 dgn format : ULANG#NIK#No.KK","spam"
"270","2018-03-05 15:16:00","AGAR TIDAK DIBLOKIR, segera registrasi ulang kartu prabayar Anda. Telepon & SMS keluar diblokir mulai 1-31 Maret 2018. Ketik: ULANG#NIK#nomorKK#  SMS ke 4444","ham"
"271","2018-03-05 14:15:00","PAKET BRONET 24JAM 100MB sudah aktif. Nikmati kuota 100MB berlaku di 00.00-23.59 aktif s.d 05-03-2018.Temukan PROMO menarik AXIS di aplikasi AXISnet! Info838","spam"
"272","2018-03-05 14:14:00","PAKET BRONET 24JAM 100MB 1hr kamu akan segera aktif. Temukan PROMO menarik AXIS di aplikasi AXISnet. Sekarang AXIS sudah 4G Ready lho! Info838","spam"
"273","2018-03-05 13:18:00","Sisa 0. Nikmati Internet, NelpSMS & akses YouTube gak habis-habis di*123# atau http://im3.do/m3","spam"
"274","2018-03-05 10:10:00","Proses PEMBLOKIRAN kartu bagi yg blm registrasi sdg berjalan,segera registrasi kartu Anda,dapatkan bonus 250MB+250mnt+250SMS.Ketik ULANG#NIK#No.KK# SMS ke4444","ham"
"275","2018-03-05 09:07:00","Paket internet 8 GB, hanya Rp 160rb, berlaku 30 hari. Ketik D22 ke 929 sd 07/03/18.","spam"
"276","2018-03-05 06:50:00","Km baru saja akses Apps Sehari-hari terpopuler.Nikmati akses YOUTUBE ga habis habis dgn beli pkt Unlimited HANYA di *123# atau myIM3 http://im3.do/m3","spam"
"277","2018-03-04 11:37:00","Proses PEMBLOKIRAN kartu bagi yg blm registrasi sdg berjalan,segera registrasi kartu Anda,dapatkan bonus 250MB+250mnt+250SMS.Ketik ULANG#NIK#No.KK# SMS ke4444","ham"
"278","2018-03-04 01:05:00","Km baru saja akses Apps Sehari-hari terpopuler.Nikmati akses YOUTUBE ga habis habis dgn beli pkt Unlimited HANYA di *123# atau myIM3 http://im3.do/m3","spam"
"279","2018-03-03 10:33:00","Internet Hemat Rp 10rb kuota 1.5GB (berlaku 7 hari). Penawaran khusus ini berlaku sd 04/03/18, ketik D3 ke 929 sekarang juga!","spam"
"280","2018-03-03 01:20:00","Kuota internet habis,pemakaian internet pakai tariff perKB.BARU! Nikmati Pkt INTERNET TERBAIK,Beli hnya di *123# atau http://im3.do/m3","spam"
"281","2018-03-03 00:56:00","Sisa kuota 11 MB.Beli pkt Internet TERBAIK dr IM3 ooredoo di *123# atau myIM3 http:// im3.do/m3 .Kelebihan pemakaian dikenakan tarif perKB","spam"
"282","2018-03-03 00:53:00","Km baru saja akses Apps Sehari-hari terpopuler.Nikmati akses YOUTUBE ga habis habis dgn beli pkt Unlimited HANYA di *123# atau myIM3 http://im3.do/m3","spam"
"283","2018-03-02 21:20:00","Ayo diaktifkan iRing KERENnya, Armada-Asal Kau Bahagia (AT17) Rp.0,1/3hr prpnjngan Rp.3190 hnya dgn balas YA!","spam"
"284","2018-03-02 19:35:00","Sisa kuota 48 MB.Beli pkt Internet TERBAIK dr IM3 ooredoo di *123# atau myIM3 http:// im3.do/m3 .Kelebihan pemakaian dikenakan tarif perKB","spam"
"285","2018-03-02 09:51:00","Sisa kuota 99 MB.Beli pkt Internet TERBAIK dr IM3 ooredoo di *123# atau myIM3 http:// im3.do/m3 .Kelebihan pemakaian dikenakan tarif perKB","spam"
"286","2018-03-02 09:49:00","PreOrder Samsung Galaxy S9|S9+! Cashback s.d Rp400ribu + Disc s.d Rp400ribu + 0% 12bln dgn KartuKredit di Samsung Store tertentu. S.d 05Mar'18. S&K.Info 14041","ham"
"287","2018-03-02 00:12:00","Km baru saja akses Apps Sehari-hari terpopuler.Nikmati akses YOUTUBE ga habis habis dgn beli pkt Unlimited HANYA di *123# atau myIM3 http://im3.do/m3","spam"
"288","2018-03-02 00:06:00","Sisa kuota 177 MB.Beli pkt Internet TERBAIK dr IM3 ooredoo di *123# atau myIM3 http:// im3.do/m3 .Kelebihan pemakaian dikenakan tarif perKB","spam"
"289","2018-03-01 22:04:00","iRing keren cuman buat km, Via Vallen-Bojo Galak (Reff),Rp.0,1/3hr prpnjngan Rp.3190 dengan hnya bls YA lho!","spam"
"290","2018-03-01 17:42:00","Proses PEMBLOKIRAN kartu bagi yg blm registrasi sdg berjalan,segera registrasi kartu Anda,dapatkan bonus 250MB+250mnt+250SMS.Ketik ULANG#NIK#No.KK# SMS ke4444","ham"
"291","2018-03-01 16:42:00","Ada banyak lowongan kerja baru! Ayo jgn sampai kamu ketinggalan update & tips di dunia kerja, tekan *123*543*2# . Tarif Rp2.200/3hari. Info: 08001401686 DSI7","spam"
"292","2018-03-01 09:15:00","Sisa kuota 285 MB.Beli pkt Internet TERBAIK dr IM3 ooredoo di *123# atau myIM3 http:// im3.do/m3 .Kelebihan pemakaian dikenakan tarif perKB","spam"
"293","2018-03-01 08:57:00","GRATIS UNLIMITED YOUTUBE+INTERNET 10GB+CHAT&SOSMED+SMS+NELPON selama 30hari.Data Rollover.PROMO 100Rb (Normal 115rb). MAU? Tekan C25 kirim SMS ke 929 sekarang","spam"
"294","2018-03-01 00:32:00","Km baru saja akses Apps Sehari-hari terpopuler.Nikmati akses YOUTUBE ga habis habis dgn beli pkt Unlimited HANYA di *123# atau myIM3 http://im3.do/m3","spam"
"295","2018-02-28 22:22:00","iRing keren cuman buat km, Dadali-Disaat Aku Tersakiti,Rp.0,1/3hr prpnjngan Rp.3190 dengan hnya bls YA lho!","spam"
"296","2018-04-23 21:01:00","ini gimana jdnya? aku di pejaten","ham"
"297","2018-04-23 20:40:00","oke, lg naik busway, bilangin nenek dong aku kirim ucapan ke nenek lewat instagram","ham"
"298","2018-04-23 20:36:00","nek aku kirim chat di instagram ga bisa lihatnya ya?","spam"
"299","2018-04-23 20:28:00","hujan sih","ham"
"300","2018-04-23 20:15:00","nggak ini mau pulang","ham"
"301","2018-04-23 08:22:00","ini sms nek aku gabisa nerima gambar, charger hape aku ketinggalan di cibubur kemarin jadi pakai hape yang lama","ham"
"302","2018-04-23 08:14:00","opal gimana nek?","ham"
"303","2018-03-26 12:57:00","oya lupa bntar","ham"
"304","2018-03-25 21:33:00","udh keluar tol","ham"
"305","2018-03-25 21:33:00","ini dijemput nggak?","ham"
"306","2018-03-24 12:32:00","fi aku jam 1 ya sori2","ham"
"307","2018-03-24 11:50:00","halo ini gojek ya? pak maaf banget hape saya rusak ini tdk bisa dpt internet di cancel aja pak maaf ya","ham"
"308","2018-03-22 13:02:00","083899758489 atas nama Aldwin nanti Pak, alamat nya di jalan terusan cigadung timur no. 99, kompleks lembah tubagus ismail,  nanti ditanya lg aja arah jalannya kalau ga ketemu","ham"
"309","2018-03-22 12:58:00","083899758489 atas nama Aldwin nanti Pak, alamat nya di jalan terusan cigadung timur no. 99, kompleks lembah tubagus ismail,  nanti ditanya lg aja arah jalannya kalau ga ketemu","ham"
"310","2018-03-21 12:45:00","oke udah","ham"
"311","2018-03-21 12:23:00","bu bisa isiin nomorku yang 08382888813 50rb ga? itu axis/xl","ham"
"312","2018-03-21 12:14:00","kak need pulsa on my other number 50, yang axis ya","ham"
"313","2018-03-17 16:17:00","oke sebentar ya Pak","ham"
"314","2018-03-15 11:09:00","try luckya.shinyapps.io/sp500_explr but not sure

should be in this drive in capstone sheet, the signal is so bad
https://docs.google.com/spreadsheets/d/1cYF6zzE_kPffhgqnmZrdbD051OfSBl7P53mWf_q2tnA/edit?usp=drivesdk","ham"
"315","2018-03-08 09:51:00","udh sampe kan?","ham"
"316","2018-03-08 09:51:00","sudah diterima mba saya ya Pak?","ham"
"317","2018-03-08 09:31:00","Pagi Pak, bisa tolong belikan makanan kucingnya? Di petshop jambore yang deket toko burung, nanti diantarnya ke bukit permai","ham"
"318","2018-03-08 09:27:00","Pagi Pak, bisa tolong belikan makanan kucingnya? Di petshop jambore yang deket toko burung, nanti diantarnya ke bukit permai","ham"
"319","2018-03-08 09:19:00","ok","ham"
"320","2018-03-05 13:43:00","this number","ham"
"321","2018-03-05 13:18:00","usage","ham"
