"","srcGeohash","timeStamp","coverage"
"1","7","2017-12-04 00:00:00","Insufficient"
"2","7","2017-12-04 01:00:00","Sufficient"
"3","7","2017-12-04 02:00:00","Sufficient"
"4","7","2017-12-04 03:00:00","Sufficient"
"5","7","2017-12-04 04:00:00","Sufficient"
"6","7","2017-12-04 05:00:00","Sufficient"
"7","7","2017-12-04 06:00:00","Sufficient"
"8","7","2017-12-04 07:00:00","Sufficient"
"9","7","2017-12-04 08:00:00","Sufficient"
"10","7","2017-12-04 09:00:00","Sufficient"
"11","7","2017-12-04 10:00:00","Sufficient"
"12","7","2017-12-04 11:00:00","Sufficient"
"13","7","2017-12-04 12:00:00","Sufficient"
"14","7","2017-12-04 13:00:00","Sufficient"
"15","7","2017-12-04 14:00:00","Sufficient"
"16","7","2017-12-04 15:00:00","Sufficient"
"17","7","2017-12-04 16:00:00","Sufficient"
"18","7","2017-12-04 17:00:00","Sufficient"
"19","7","2017-12-04 18:00:00","Sufficient"
"20","7","2017-12-04 19:00:00","Sufficient"
"21","7","2017-12-04 20:00:00","Sufficient"
"22","7","2017-12-04 21:00:00","Sufficient"
"23","7","2017-12-04 22:00:00","Sufficient"
"24","7","2017-12-04 23:00:00","Sufficient"
"25","7","2017-12-05 00:00:00","Sufficient"
"26","7","2017-12-05 01:00:00","Sufficient"
"27","7","2017-12-05 02:00:00","Sufficient"
"28","7","2017-12-05 03:00:00","Sufficient"
"29","7","2017-12-05 04:00:00","Sufficient"
"30","7","2017-12-05 05:00:00","Sufficient"
"31","7","2017-12-05 06:00:00","Sufficient"
"32","7","2017-12-05 07:00:00","Sufficient"
"33","7","2017-12-05 08:00:00","Sufficient"
"34","7","2017-12-05 09:00:00","Sufficient"
"35","7","2017-12-05 10:00:00","Sufficient"
"36","7","2017-12-05 11:00:00","Sufficient"
"37","7","2017-12-05 12:00:00","Sufficient"
"38","7","2017-12-05 13:00:00","Sufficient"
"39","7","2017-12-05 14:00:00","Sufficient"
"40","7","2017-12-05 15:00:00","Sufficient"
"41","7","2017-12-05 16:00:00","Sufficient"
"42","7","2017-12-05 17:00:00","Sufficient"
"43","7","2017-12-05 18:00:00","Sufficient"
"44","7","2017-12-05 19:00:00","Sufficient"
"45","7","2017-12-05 20:00:00","Sufficient"
"46","7","2017-12-05 21:00:00","Sufficient"
"47","7","2017-12-05 22:00:00","Sufficient"
"48","7","2017-12-05 23:00:00","Sufficient"
"49","7","2017-12-06 00:00:00","Sufficient"
"50","7","2017-12-06 01:00:00","Sufficient"
"51","7","2017-12-06 02:00:00","Sufficient"
"52","7","2017-12-06 03:00:00","Sufficient"
"53","7","2017-12-06 04:00:00","Sufficient"
"54","7","2017-12-06 05:00:00","Sufficient"
"55","7","2017-12-06 06:00:00","Sufficient"
"56","7","2017-12-06 07:00:00","Sufficient"
"57","7","2017-12-06 08:00:00","Sufficient"
"58","7","2017-12-06 09:00:00","Sufficient"
"59","7","2017-12-06 10:00:00","Sufficient"
"60","7","2017-12-06 11:00:00","Sufficient"
"61","7","2017-12-06 12:00:00","Sufficient"
"62","7","2017-12-06 13:00:00","Sufficient"
"63","7","2017-12-06 14:00:00","Sufficient"
"64","7","2017-12-06 15:00:00","Sufficient"
"65","7","2017-12-06 16:00:00","Sufficient"
"66","7","2017-12-06 17:00:00","Sufficient"
"67","7","2017-12-06 18:00:00","Sufficient"
"68","7","2017-12-06 19:00:00","Sufficient"
"69","7","2017-12-06 20:00:00","Sufficient"
"70","7","2017-12-06 21:00:00","Sufficient"
"71","7","2017-12-06 22:00:00","Sufficient"
"72","7","2017-12-06 23:00:00","Sufficient"
"73","7","2017-12-07 00:00:00","Insufficient"
"74","7","2017-12-07 01:00:00","Sufficient"
"75","7","2017-12-07 02:00:00","Insufficient"
"76","7","2017-12-07 03:00:00","Sufficient"
"77","7","2017-12-07 04:00:00","Sufficient"
"78","7","2017-12-07 05:00:00","Sufficient"
"79","7","2017-12-07 06:00:00","Sufficient"
"80","7","2017-12-07 07:00:00","Sufficient"
"81","7","2017-12-07 08:00:00","Sufficient"
"82","7","2017-12-07 09:00:00","Sufficient"
"83","7","2017-12-07 10:00:00","Sufficient"
"84","7","2017-12-07 11:00:00","Sufficient"
"85","7","2017-12-07 12:00:00","Sufficient"
"86","7","2017-12-07 13:00:00","Sufficient"
"87","7","2017-12-07 14:00:00","Sufficient"
"88","7","2017-12-07 15:00:00","Sufficient"
"89","7","2017-12-07 16:00:00","Sufficient"
"90","7","2017-12-07 17:00:00","Sufficient"
"91","7","2017-12-07 18:00:00","Sufficient"
"92","7","2017-12-07 19:00:00","Sufficient"
"93","7","2017-12-07 20:00:00","Insufficient"
"94","7","2017-12-07 21:00:00","Insufficient"
"95","7","2017-12-07 22:00:00","Sufficient"
"96","7","2017-12-07 23:00:00","Sufficient"
"97","7","2017-12-08 00:00:00","Insufficient"
"98","7","2017-12-08 01:00:00","Sufficient"
"99","7","2017-12-08 02:00:00","Insufficient"
"100","7","2017-12-08 03:00:00","Sufficient"
"101","7","2017-12-08 04:00:00","Sufficient"
"102","7","2017-12-08 05:00:00","Sufficient"
"103","7","2017-12-08 06:00:00","Sufficient"
"104","7","2017-12-08 07:00:00","Sufficient"
"105","7","2017-12-08 08:00:00","Sufficient"
"106","7","2017-12-08 09:00:00","Sufficient"
"107","7","2017-12-08 10:00:00","Sufficient"
"108","7","2017-12-08 11:00:00","Sufficient"
"109","7","2017-12-08 12:00:00","Sufficient"
"110","7","2017-12-08 13:00:00","Sufficient"
"111","7","2017-12-08 14:00:00","Sufficient"
"112","7","2017-12-08 15:00:00","Sufficient"
"113","7","2017-12-08 16:00:00","Sufficient"
"114","7","2017-12-08 17:00:00","Sufficient"
"115","7","2017-12-08 18:00:00","Sufficient"
"116","7","2017-12-08 19:00:00","Sufficient"
"117","7","2017-12-08 20:00:00","Sufficient"
"118","7","2017-12-08 21:00:00","Sufficient"
"119","7","2017-12-08 22:00:00","Sufficient"
"120","7","2017-12-08 23:00:00","Sufficient"
"121","9","2017-12-04 00:00:00","Sufficient"
"122","9","2017-12-04 01:00:00","Sufficient"
"123","9","2017-12-04 02:00:00","Sufficient"
"124","9","2017-12-04 03:00:00","Sufficient"
"125","9","2017-12-04 04:00:00","Sufficient"
"126","9","2017-12-04 05:00:00","Sufficient"
"127","9","2017-12-04 06:00:00","Sufficient"
"128","9","2017-12-04 07:00:00","Sufficient"
"129","9","2017-12-04 08:00:00","Sufficient"
"130","9","2017-12-04 09:00:00","Sufficient"
"131","9","2017-12-04 10:00:00","Sufficient"
"132","9","2017-12-04 11:00:00","Sufficient"
"133","9","2017-12-04 12:00:00","Sufficient"
"134","9","2017-12-04 13:00:00","Sufficient"
"135","9","2017-12-04 14:00:00","Sufficient"
"136","9","2017-12-04 15:00:00","Sufficient"
"137","9","2017-12-04 16:00:00","Sufficient"
"138","9","2017-12-04 17:00:00","Sufficient"
"139","9","2017-12-04 18:00:00","Sufficient"
"140","9","2017-12-04 19:00:00","Sufficient"
"141","9","2017-12-04 20:00:00","Sufficient"
"142","9","2017-12-04 21:00:00","Sufficient"
"143","9","2017-12-04 22:00:00","Sufficient"
"144","9","2017-12-04 23:00:00","Sufficient"
"145","9","2017-12-05 00:00:00","Sufficient"
"146","9","2017-12-05 01:00:00","Sufficient"
"147","9","2017-12-05 02:00:00","Sufficient"
"148","9","2017-12-05 03:00:00","Sufficient"
"149","9","2017-12-05 04:00:00","Sufficient"
"150","9","2017-12-05 05:00:00","Sufficient"
"151","9","2017-12-05 06:00:00","Sufficient"
"152","9","2017-12-05 07:00:00","Sufficient"
"153","9","2017-12-05 08:00:00","Sufficient"
"154","9","2017-12-05 09:00:00","Sufficient"
"155","9","2017-12-05 10:00:00","Sufficient"
"156","9","2017-12-05 11:00:00","Sufficient"
"157","9","2017-12-05 12:00:00","Sufficient"
"158","9","2017-12-05 13:00:00","Sufficient"
"159","9","2017-12-05 14:00:00","Sufficient"
"160","9","2017-12-05 15:00:00","Sufficient"
"161","9","2017-12-05 16:00:00","Sufficient"
"162","9","2017-12-05 17:00:00","Sufficient"
"163","9","2017-12-05 18:00:00","Sufficient"
"164","9","2017-12-05 19:00:00","Sufficient"
"165","9","2017-12-05 20:00:00","Sufficient"
"166","9","2017-12-05 21:00:00","Sufficient"
"167","9","2017-12-05 22:00:00","Sufficient"
"168","9","2017-12-05 23:00:00","Sufficient"
"169","9","2017-12-06 00:00:00","Sufficient"
"170","9","2017-12-06 01:00:00","Sufficient"
"171","9","2017-12-06 02:00:00","Sufficient"
"172","9","2017-12-06 03:00:00","Sufficient"
"173","9","2017-12-06 04:00:00","Sufficient"
"174","9","2017-12-06 05:00:00","Sufficient"
"175","9","2017-12-06 06:00:00","Sufficient"
"176","9","2017-12-06 07:00:00","Sufficient"
"177","9","2017-12-06 08:00:00","Sufficient"
"178","9","2017-12-06 09:00:00","Sufficient"
"179","9","2017-12-06 10:00:00","Sufficient"
"180","9","2017-12-06 11:00:00","Sufficient"
"181","9","2017-12-06 12:00:00","Sufficient"
"182","9","2017-12-06 13:00:00","Sufficient"
"183","9","2017-12-06 14:00:00","Sufficient"
"184","9","2017-12-06 15:00:00","Sufficient"
"185","9","2017-12-06 16:00:00","Sufficient"
"186","9","2017-12-06 17:00:00","Sufficient"
"187","9","2017-12-06 18:00:00","Sufficient"
"188","9","2017-12-06 19:00:00","Sufficient"
"189","9","2017-12-06 20:00:00","Sufficient"
"190","9","2017-12-06 21:00:00","Sufficient"
"191","9","2017-12-06 22:00:00","Sufficient"
"192","9","2017-12-06 23:00:00","Sufficient"
"193","9","2017-12-07 00:00:00","Sufficient"
"194","9","2017-12-07 01:00:00","Sufficient"
"195","9","2017-12-07 02:00:00","Sufficient"
"196","9","2017-12-07 03:00:00","Sufficient"
"197","9","2017-12-07 04:00:00","Sufficient"
"198","9","2017-12-07 05:00:00","Sufficient"
"199","9","2017-12-07 06:00:00","Sufficient"
"200","9","2017-12-07 07:00:00","Sufficient"
"201","9","2017-12-07 08:00:00","Sufficient"
"202","9","2017-12-07 09:00:00","Sufficient"
"203","9","2017-12-07 10:00:00","Sufficient"
"204","9","2017-12-07 11:00:00","Sufficient"
"205","9","2017-12-07 12:00:00","Sufficient"
"206","9","2017-12-07 13:00:00","Sufficient"
"207","9","2017-12-07 14:00:00","Sufficient"
"208","9","2017-12-07 15:00:00","Sufficient"
"209","9","2017-12-07 16:00:00","Sufficient"
"210","9","2017-12-07 17:00:00","Sufficient"
"211","9","2017-12-07 18:00:00","Sufficient"
"212","9","2017-12-07 19:00:00","Sufficient"
"213","9","2017-12-07 20:00:00","Sufficient"
"214","9","2017-12-07 21:00:00","Sufficient"
"215","9","2017-12-07 22:00:00","Sufficient"
"216","9","2017-12-07 23:00:00","Sufficient"
"217","9","2017-12-08 00:00:00","Sufficient"
"218","9","2017-12-08 01:00:00","Sufficient"
"219","9","2017-12-08 02:00:00","Sufficient"
"220","9","2017-12-08 03:00:00","Sufficient"
"221","9","2017-12-08 04:00:00","Sufficient"
"222","9","2017-12-08 05:00:00","Sufficient"
"223","9","2017-12-08 06:00:00","Sufficient"
"224","9","2017-12-08 07:00:00","Sufficient"
"225","9","2017-12-08 08:00:00","Sufficient"
"226","9","2017-12-08 09:00:00","Sufficient"
"227","9","2017-12-08 10:00:00","Sufficient"
"228","9","2017-12-08 11:00:00","Sufficient"
"229","9","2017-12-08 12:00:00","Sufficient"
"230","9","2017-12-08 13:00:00","Sufficient"
"231","9","2017-12-08 14:00:00","Sufficient"
"232","9","2017-12-08 15:00:00","Sufficient"
"233","9","2017-12-08 16:00:00","Sufficient"
"234","9","2017-12-08 17:00:00","Sufficient"
"235","9","2017-12-08 18:00:00","Sufficient"
"236","9","2017-12-08 19:00:00","Sufficient"
"237","9","2017-12-08 20:00:00","Sufficient"
"238","9","2017-12-08 21:00:00","Sufficient"
"239","9","2017-12-08 22:00:00","Sufficient"
"240","9","2017-12-08 23:00:00","Sufficient"
"241","c","2017-12-04 00:00:00","Sufficient"
"242","c","2017-12-04 01:00:00","Sufficient"
"243","c","2017-12-04 02:00:00","Sufficient"
"244","c","2017-12-04 03:00:00","Sufficient"
"245","c","2017-12-04 04:00:00","Sufficient"
"246","c","2017-12-04 05:00:00","Sufficient"
"247","c","2017-12-04 06:00:00","Sufficient"
"248","c","2017-12-04 07:00:00","Sufficient"
"249","c","2017-12-04 08:00:00","Sufficient"
"250","c","2017-12-04 09:00:00","Sufficient"
"251","c","2017-12-04 10:00:00","Sufficient"
"252","c","2017-12-04 11:00:00","Sufficient"
"253","c","2017-12-04 12:00:00","Sufficient"
"254","c","2017-12-04 13:00:00","Sufficient"
"255","c","2017-12-04 14:00:00","Sufficient"
"256","c","2017-12-04 15:00:00","Sufficient"
"257","c","2017-12-04 16:00:00","Sufficient"
"258","c","2017-12-04 17:00:00","Sufficient"
"259","c","2017-12-04 18:00:00","Sufficient"
"260","c","2017-12-04 19:00:00","Sufficient"
"261","c","2017-12-04 20:00:00","Sufficient"
"262","c","2017-12-04 21:00:00","Sufficient"
"263","c","2017-12-04 22:00:00","Sufficient"
"264","c","2017-12-04 23:00:00","Sufficient"
"265","c","2017-12-05 00:00:00","Sufficient"
"266","c","2017-12-05 01:00:00","Sufficient"
"267","c","2017-12-05 02:00:00","Sufficient"
"268","c","2017-12-05 03:00:00","Sufficient"
"269","c","2017-12-05 04:00:00","Sufficient"
"270","c","2017-12-05 05:00:00","Sufficient"
"271","c","2017-12-05 06:00:00","Sufficient"
"272","c","2017-12-05 07:00:00","Sufficient"
"273","c","2017-12-05 08:00:00","Sufficient"
"274","c","2017-12-05 09:00:00","Sufficient"
"275","c","2017-12-05 10:00:00","Sufficient"
"276","c","2017-12-05 11:00:00","Sufficient"
"277","c","2017-12-05 12:00:00","Sufficient"
"278","c","2017-12-05 13:00:00","Sufficient"
"279","c","2017-12-05 14:00:00","Sufficient"
"280","c","2017-12-05 15:00:00","Sufficient"
"281","c","2017-12-05 16:00:00","Sufficient"
"282","c","2017-12-05 17:00:00","Sufficient"
"283","c","2017-12-05 18:00:00","Sufficient"
"284","c","2017-12-05 19:00:00","Sufficient"
"285","c","2017-12-05 20:00:00","Sufficient"
"286","c","2017-12-05 21:00:00","Sufficient"
"287","c","2017-12-05 22:00:00","Sufficient"
"288","c","2017-12-05 23:00:00","Sufficient"
"289","c","2017-12-06 00:00:00","Sufficient"
"290","c","2017-12-06 01:00:00","Sufficient"
"291","c","2017-12-06 02:00:00","Sufficient"
"292","c","2017-12-06 03:00:00","Sufficient"
"293","c","2017-12-06 04:00:00","Sufficient"
"294","c","2017-12-06 05:00:00","Sufficient"
"295","c","2017-12-06 06:00:00","Sufficient"
"296","c","2017-12-06 07:00:00","Sufficient"
"297","c","2017-12-06 08:00:00","Sufficient"
"298","c","2017-12-06 09:00:00","Sufficient"
"299","c","2017-12-06 10:00:00","Sufficient"
"300","c","2017-12-06 11:00:00","Sufficient"
"301","c","2017-12-06 12:00:00","Sufficient"
"302","c","2017-12-06 13:00:00","Sufficient"
"303","c","2017-12-06 14:00:00","Sufficient"
"304","c","2017-12-06 15:00:00","Sufficient"
"305","c","2017-12-06 16:00:00","Sufficient"
"306","c","2017-12-06 17:00:00","Sufficient"
"307","c","2017-12-06 18:00:00","Sufficient"
"308","c","2017-12-06 19:00:00","Sufficient"
"309","c","2017-12-06 20:00:00","Sufficient"
"310","c","2017-12-06 21:00:00","Sufficient"
"311","c","2017-12-06 22:00:00","Sufficient"
"312","c","2017-12-06 23:00:00","Sufficient"
"313","c","2017-12-07 00:00:00","Sufficient"
"314","c","2017-12-07 01:00:00","Sufficient"
"315","c","2017-12-07 02:00:00","Sufficient"
"316","c","2017-12-07 03:00:00","Sufficient"
"317","c","2017-12-07 04:00:00","Sufficient"
"318","c","2017-12-07 05:00:00","Sufficient"
"319","c","2017-12-07 06:00:00","Sufficient"
"320","c","2017-12-07 07:00:00","Sufficient"
"321","c","2017-12-07 08:00:00","Sufficient"
"322","c","2017-12-07 09:00:00","Sufficient"
"323","c","2017-12-07 10:00:00","Sufficient"
"324","c","2017-12-07 11:00:00","Sufficient"
"325","c","2017-12-07 12:00:00","Sufficient"
"326","c","2017-12-07 13:00:00","Sufficient"
"327","c","2017-12-07 14:00:00","Sufficient"
"328","c","2017-12-07 15:00:00","Sufficient"
"329","c","2017-12-07 16:00:00","Sufficient"
"330","c","2017-12-07 17:00:00","Sufficient"
"331","c","2017-12-07 18:00:00","Sufficient"
"332","c","2017-12-07 19:00:00","Sufficient"
"333","c","2017-12-07 20:00:00","Sufficient"
"334","c","2017-12-07 21:00:00","Sufficient"
"335","c","2017-12-07 22:00:00","Sufficient"
"336","c","2017-12-07 23:00:00","Sufficient"
"337","c","2017-12-08 00:00:00","Sufficient"
"338","c","2017-12-08 01:00:00","Sufficient"
"339","c","2017-12-08 02:00:00","Sufficient"
"340","c","2017-12-08 03:00:00","Sufficient"
"341","c","2017-12-08 04:00:00","Sufficient"
"342","c","2017-12-08 05:00:00","Sufficient"
"343","c","2017-12-08 06:00:00","Sufficient"
"344","c","2017-12-08 07:00:00","Sufficient"
"345","c","2017-12-08 08:00:00","Sufficient"
"346","c","2017-12-08 09:00:00","Sufficient"
"347","c","2017-12-08 10:00:00","Sufficient"
"348","c","2017-12-08 11:00:00","Sufficient"
"349","c","2017-12-08 12:00:00","Sufficient"
"350","c","2017-12-08 13:00:00","Sufficient"
"351","c","2017-12-08 14:00:00","Sufficient"
"352","c","2017-12-08 15:00:00","Sufficient"
"353","c","2017-12-08 16:00:00","Sufficient"
"354","c","2017-12-08 17:00:00","Sufficient"
"355","c","2017-12-08 18:00:00","Sufficient"
"356","c","2017-12-08 19:00:00","Sufficient"
"357","c","2017-12-08 20:00:00","Sufficient"
"358","c","2017-12-08 21:00:00","Sufficient"
"359","c","2017-12-08 22:00:00","Sufficient"
"360","c","2017-12-08 23:00:00","Sufficient"
"361","d","2017-12-04 00:00:00","Sufficient"
"362","d","2017-12-04 01:00:00","Sufficient"
"363","d","2017-12-04 02:00:00","Sufficient"
"364","d","2017-12-04 03:00:00","Sufficient"
"365","d","2017-12-04 04:00:00","Sufficient"
"366","d","2017-12-04 05:00:00","Sufficient"
"367","d","2017-12-04 06:00:00","Sufficient"
"368","d","2017-12-04 07:00:00","Sufficient"
"369","d","2017-12-04 08:00:00","Sufficient"
"370","d","2017-12-04 09:00:00","Sufficient"
"371","d","2017-12-04 10:00:00","Sufficient"
"372","d","2017-12-04 11:00:00","Sufficient"
"373","d","2017-12-04 12:00:00","Sufficient"
"374","d","2017-12-04 13:00:00","Sufficient"
"375","d","2017-12-04 14:00:00","Sufficient"
"376","d","2017-12-04 15:00:00","Sufficient"
"377","d","2017-12-04 16:00:00","Sufficient"
"378","d","2017-12-04 17:00:00","Sufficient"
"379","d","2017-12-04 18:00:00","Sufficient"
"380","d","2017-12-04 19:00:00","Sufficient"
"381","d","2017-12-04 20:00:00","Sufficient"
"382","d","2017-12-04 21:00:00","Sufficient"
"383","d","2017-12-04 22:00:00","Sufficient"
"384","d","2017-12-04 23:00:00","Sufficient"
"385","d","2017-12-05 00:00:00","Sufficient"
"386","d","2017-12-05 01:00:00","Sufficient"
"387","d","2017-12-05 02:00:00","Sufficient"
"388","d","2017-12-05 03:00:00","Sufficient"
"389","d","2017-12-05 04:00:00","Sufficient"
"390","d","2017-12-05 05:00:00","Sufficient"
"391","d","2017-12-05 06:00:00","Sufficient"
"392","d","2017-12-05 07:00:00","Sufficient"
"393","d","2017-12-05 08:00:00","Sufficient"
"394","d","2017-12-05 09:00:00","Sufficient"
"395","d","2017-12-05 10:00:00","Sufficient"
"396","d","2017-12-05 11:00:00","Sufficient"
"397","d","2017-12-05 12:00:00","Sufficient"
"398","d","2017-12-05 13:00:00","Sufficient"
"399","d","2017-12-05 14:00:00","Sufficient"
"400","d","2017-12-05 15:00:00","Sufficient"
"401","d","2017-12-05 16:00:00","Sufficient"
"402","d","2017-12-05 17:00:00","Sufficient"
"403","d","2017-12-05 18:00:00","Sufficient"
"404","d","2017-12-05 19:00:00","Sufficient"
"405","d","2017-12-05 20:00:00","Sufficient"
"406","d","2017-12-05 21:00:00","Sufficient"
"407","d","2017-12-05 22:00:00","Sufficient"
"408","d","2017-12-05 23:00:00","Sufficient"
"409","d","2017-12-06 00:00:00","Sufficient"
"410","d","2017-12-06 01:00:00","Sufficient"
"411","d","2017-12-06 02:00:00","Sufficient"
"412","d","2017-12-06 03:00:00","Sufficient"
"413","d","2017-12-06 04:00:00","Sufficient"
"414","d","2017-12-06 05:00:00","Sufficient"
"415","d","2017-12-06 06:00:00","Sufficient"
"416","d","2017-12-06 07:00:00","Sufficient"
"417","d","2017-12-06 08:00:00","Sufficient"
"418","d","2017-12-06 09:00:00","Sufficient"
"419","d","2017-12-06 10:00:00","Sufficient"
"420","d","2017-12-06 11:00:00","Sufficient"
"421","d","2017-12-06 12:00:00","Sufficient"
"422","d","2017-12-06 13:00:00","Sufficient"
"423","d","2017-12-06 14:00:00","Sufficient"
"424","d","2017-12-06 15:00:00","Sufficient"
"425","d","2017-12-06 16:00:00","Sufficient"
"426","d","2017-12-06 17:00:00","Sufficient"
"427","d","2017-12-06 18:00:00","Sufficient"
"428","d","2017-12-06 19:00:00","Sufficient"
"429","d","2017-12-06 20:00:00","Sufficient"
"430","d","2017-12-06 21:00:00","Sufficient"
"431","d","2017-12-06 22:00:00","Sufficient"
"432","d","2017-12-06 23:00:00","Sufficient"
"433","d","2017-12-07 00:00:00","Sufficient"
"434","d","2017-12-07 01:00:00","Sufficient"
"435","d","2017-12-07 02:00:00","Sufficient"
"436","d","2017-12-07 03:00:00","Sufficient"
"437","d","2017-12-07 04:00:00","Sufficient"
"438","d","2017-12-07 05:00:00","Sufficient"
"439","d","2017-12-07 06:00:00","Sufficient"
"440","d","2017-12-07 07:00:00","Sufficient"
"441","d","2017-12-07 08:00:00","Sufficient"
"442","d","2017-12-07 09:00:00","Sufficient"
"443","d","2017-12-07 10:00:00","Sufficient"
"444","d","2017-12-07 11:00:00","Sufficient"
"445","d","2017-12-07 12:00:00","Sufficient"
"446","d","2017-12-07 13:00:00","Sufficient"
"447","d","2017-12-07 14:00:00","Sufficient"
"448","d","2017-12-07 15:00:00","Sufficient"
"449","d","2017-12-07 16:00:00","Sufficient"
"450","d","2017-12-07 17:00:00","Sufficient"
"451","d","2017-12-07 18:00:00","Sufficient"
"452","d","2017-12-07 19:00:00","Sufficient"
"453","d","2017-12-07 20:00:00","Sufficient"
"454","d","2017-12-07 21:00:00","Sufficient"
"455","d","2017-12-07 22:00:00","Sufficient"
"456","d","2017-12-07 23:00:00","Sufficient"
"457","d","2017-12-08 00:00:00","Sufficient"
"458","d","2017-12-08 01:00:00","Sufficient"
"459","d","2017-12-08 02:00:00","Sufficient"
"460","d","2017-12-08 03:00:00","Sufficient"
"461","d","2017-12-08 04:00:00","Sufficient"
"462","d","2017-12-08 05:00:00","Sufficient"
"463","d","2017-12-08 06:00:00","Sufficient"
"464","d","2017-12-08 07:00:00","Sufficient"
"465","d","2017-12-08 08:00:00","Sufficient"
"466","d","2017-12-08 09:00:00","Sufficient"
"467","d","2017-12-08 10:00:00","Sufficient"
"468","d","2017-12-08 11:00:00","Sufficient"
"469","d","2017-12-08 12:00:00","Sufficient"
"470","d","2017-12-08 13:00:00","Sufficient"
"471","d","2017-12-08 14:00:00","Sufficient"
"472","d","2017-12-08 15:00:00","Sufficient"
"473","d","2017-12-08 16:00:00","Sufficient"
"474","d","2017-12-08 17:00:00","Sufficient"
"475","d","2017-12-08 18:00:00","Sufficient"
"476","d","2017-12-08 19:00:00","Sufficient"
"477","d","2017-12-08 20:00:00","Sufficient"
"478","d","2017-12-08 21:00:00","Sufficient"
"479","d","2017-12-08 22:00:00","Sufficient"
"480","d","2017-12-08 23:00:00","Sufficient"
"481","e","2017-12-04 00:00:00","Sufficient"
"482","e","2017-12-04 01:00:00","Sufficient"
"483","e","2017-12-04 02:00:00","Sufficient"
"484","e","2017-12-04 03:00:00","Sufficient"
"485","e","2017-12-04 04:00:00","Sufficient"
"486","e","2017-12-04 05:00:00","Sufficient"
"487","e","2017-12-04 06:00:00","Sufficient"
"488","e","2017-12-04 07:00:00","Sufficient"
"489","e","2017-12-04 08:00:00","Sufficient"
"490","e","2017-12-04 09:00:00","Sufficient"
"491","e","2017-12-04 10:00:00","Sufficient"
"492","e","2017-12-04 11:00:00","Sufficient"
"493","e","2017-12-04 12:00:00","Sufficient"
"494","e","2017-12-04 13:00:00","Sufficient"
"495","e","2017-12-04 14:00:00","Sufficient"
"496","e","2017-12-04 15:00:00","Sufficient"
"497","e","2017-12-04 16:00:00","Sufficient"
"498","e","2017-12-04 17:00:00","Sufficient"
"499","e","2017-12-04 18:00:00","Sufficient"
"500","e","2017-12-04 19:00:00","Sufficient"
"501","e","2017-12-04 20:00:00","Sufficient"
"502","e","2017-12-04 21:00:00","Sufficient"
"503","e","2017-12-04 22:00:00","Sufficient"
"504","e","2017-12-04 23:00:00","Sufficient"
"505","e","2017-12-05 00:00:00","Sufficient"
"506","e","2017-12-05 01:00:00","Sufficient"
"507","e","2017-12-05 02:00:00","Sufficient"
"508","e","2017-12-05 03:00:00","Sufficient"
"509","e","2017-12-05 04:00:00","Sufficient"
"510","e","2017-12-05 05:00:00","Sufficient"
"511","e","2017-12-05 06:00:00","Sufficient"
"512","e","2017-12-05 07:00:00","Sufficient"
"513","e","2017-12-05 08:00:00","Sufficient"
"514","e","2017-12-05 09:00:00","Sufficient"
"515","e","2017-12-05 10:00:00","Sufficient"
"516","e","2017-12-05 11:00:00","Sufficient"
"517","e","2017-12-05 12:00:00","Sufficient"
"518","e","2017-12-05 13:00:00","Sufficient"
"519","e","2017-12-05 14:00:00","Sufficient"
"520","e","2017-12-05 15:00:00","Sufficient"
"521","e","2017-12-05 16:00:00","Sufficient"
"522","e","2017-12-05 17:00:00","Sufficient"
"523","e","2017-12-05 18:00:00","Sufficient"
"524","e","2017-12-05 19:00:00","Sufficient"
"525","e","2017-12-05 20:00:00","Sufficient"
"526","e","2017-12-05 21:00:00","Sufficient"
"527","e","2017-12-05 22:00:00","Sufficient"
"528","e","2017-12-05 23:00:00","Sufficient"
"529","e","2017-12-06 00:00:00","Sufficient"
"530","e","2017-12-06 01:00:00","Sufficient"
"531","e","2017-12-06 02:00:00","Sufficient"
"532","e","2017-12-06 03:00:00","Sufficient"
"533","e","2017-12-06 04:00:00","Sufficient"
"534","e","2017-12-06 05:00:00","Sufficient"
"535","e","2017-12-06 06:00:00","Sufficient"
"536","e","2017-12-06 07:00:00","Sufficient"
"537","e","2017-12-06 08:00:00","Sufficient"
"538","e","2017-12-06 09:00:00","Sufficient"
"539","e","2017-12-06 10:00:00","Sufficient"
"540","e","2017-12-06 11:00:00","Sufficient"
"541","e","2017-12-06 12:00:00","Sufficient"
"542","e","2017-12-06 13:00:00","Sufficient"
"543","e","2017-12-06 14:00:00","Sufficient"
"544","e","2017-12-06 15:00:00","Sufficient"
"545","e","2017-12-06 16:00:00","Sufficient"
"546","e","2017-12-06 17:00:00","Sufficient"
"547","e","2017-12-06 18:00:00","Sufficient"
"548","e","2017-12-06 19:00:00","Sufficient"
"549","e","2017-12-06 20:00:00","Sufficient"
"550","e","2017-12-06 21:00:00","Sufficient"
"551","e","2017-12-06 22:00:00","Sufficient"
"552","e","2017-12-06 23:00:00","Sufficient"
"553","e","2017-12-07 00:00:00","Sufficient"
"554","e","2017-12-07 01:00:00","Sufficient"
"555","e","2017-12-07 02:00:00","Sufficient"
"556","e","2017-12-07 03:00:00","Sufficient"
"557","e","2017-12-07 04:00:00","Sufficient"
"558","e","2017-12-07 05:00:00","Sufficient"
"559","e","2017-12-07 06:00:00","Sufficient"
"560","e","2017-12-07 07:00:00","Sufficient"
"561","e","2017-12-07 08:00:00","Sufficient"
"562","e","2017-12-07 09:00:00","Sufficient"
"563","e","2017-12-07 10:00:00","Sufficient"
"564","e","2017-12-07 11:00:00","Sufficient"
"565","e","2017-12-07 12:00:00","Sufficient"
"566","e","2017-12-07 13:00:00","Sufficient"
"567","e","2017-12-07 14:00:00","Sufficient"
"568","e","2017-12-07 15:00:00","Sufficient"
"569","e","2017-12-07 16:00:00","Sufficient"
"570","e","2017-12-07 17:00:00","Sufficient"
"571","e","2017-12-07 18:00:00","Sufficient"
"572","e","2017-12-07 19:00:00","Sufficient"
"573","e","2017-12-07 20:00:00","Sufficient"
"574","e","2017-12-07 21:00:00","Sufficient"
"575","e","2017-12-07 22:00:00","Sufficient"
"576","e","2017-12-07 23:00:00","Sufficient"
"577","e","2017-12-08 00:00:00","Sufficient"
"578","e","2017-12-08 01:00:00","Sufficient"
"579","e","2017-12-08 02:00:00","Sufficient"
"580","e","2017-12-08 03:00:00","Sufficient"
"581","e","2017-12-08 04:00:00","Sufficient"
"582","e","2017-12-08 05:00:00","Sufficient"
"583","e","2017-12-08 06:00:00","Sufficient"
"584","e","2017-12-08 07:00:00","Sufficient"
"585","e","2017-12-08 08:00:00","Sufficient"
"586","e","2017-12-08 09:00:00","Sufficient"
"587","e","2017-12-08 10:00:00","Sufficient"
"588","e","2017-12-08 11:00:00","Sufficient"
"589","e","2017-12-08 12:00:00","Sufficient"
"590","e","2017-12-08 13:00:00","Sufficient"
"591","e","2017-12-08 14:00:00","Sufficient"
"592","e","2017-12-08 15:00:00","Sufficient"
"593","e","2017-12-08 16:00:00","Sufficient"
"594","e","2017-12-08 17:00:00","Sufficient"
"595","e","2017-12-08 18:00:00","Sufficient"
"596","e","2017-12-08 19:00:00","Sufficient"
"597","e","2017-12-08 20:00:00","Sufficient"
"598","e","2017-12-08 21:00:00","Sufficient"
"599","e","2017-12-08 22:00:00","Sufficient"
"600","e","2017-12-08 23:00:00","Sufficient"
"601","g","2017-12-04 00:00:00","Sufficient"
"602","g","2017-12-04 01:00:00","Sufficient"
"603","g","2017-12-04 02:00:00","Sufficient"
"604","g","2017-12-04 03:00:00","Sufficient"
"605","g","2017-12-04 04:00:00","Sufficient"
"606","g","2017-12-04 05:00:00","Sufficient"
"607","g","2017-12-04 06:00:00","Sufficient"
"608","g","2017-12-04 07:00:00","Sufficient"
"609","g","2017-12-04 08:00:00","Sufficient"
"610","g","2017-12-04 09:00:00","Sufficient"
"611","g","2017-12-04 10:00:00","Sufficient"
"612","g","2017-12-04 11:00:00","Sufficient"
"613","g","2017-12-04 12:00:00","Sufficient"
"614","g","2017-12-04 13:00:00","Sufficient"
"615","g","2017-12-04 14:00:00","Sufficient"
"616","g","2017-12-04 15:00:00","Sufficient"
"617","g","2017-12-04 16:00:00","Sufficient"
"618","g","2017-12-04 17:00:00","Sufficient"
"619","g","2017-12-04 18:00:00","Sufficient"
"620","g","2017-12-04 19:00:00","Sufficient"
"621","g","2017-12-04 20:00:00","Sufficient"
"622","g","2017-12-04 21:00:00","Sufficient"
"623","g","2017-12-04 22:00:00","Sufficient"
"624","g","2017-12-04 23:00:00","Sufficient"
"625","g","2017-12-05 00:00:00","Sufficient"
"626","g","2017-12-05 01:00:00","Sufficient"
"627","g","2017-12-05 02:00:00","Sufficient"
"628","g","2017-12-05 03:00:00","Sufficient"
"629","g","2017-12-05 04:00:00","Sufficient"
"630","g","2017-12-05 05:00:00","Sufficient"
"631","g","2017-12-05 06:00:00","Sufficient"
"632","g","2017-12-05 07:00:00","Sufficient"
"633","g","2017-12-05 08:00:00","Sufficient"
"634","g","2017-12-05 09:00:00","Sufficient"
"635","g","2017-12-05 10:00:00","Sufficient"
"636","g","2017-12-05 11:00:00","Sufficient"
"637","g","2017-12-05 12:00:00","Sufficient"
"638","g","2017-12-05 13:00:00","Sufficient"
"639","g","2017-12-05 14:00:00","Sufficient"
"640","g","2017-12-05 15:00:00","Sufficient"
"641","g","2017-12-05 16:00:00","Sufficient"
"642","g","2017-12-05 17:00:00","Sufficient"
"643","g","2017-12-05 18:00:00","Sufficient"
"644","g","2017-12-05 19:00:00","Sufficient"
"645","g","2017-12-05 20:00:00","Sufficient"
"646","g","2017-12-05 21:00:00","Sufficient"
"647","g","2017-12-05 22:00:00","Sufficient"
"648","g","2017-12-05 23:00:00","Sufficient"
"649","g","2017-12-06 00:00:00","Sufficient"
"650","g","2017-12-06 01:00:00","Sufficient"
"651","g","2017-12-06 02:00:00","Sufficient"
"652","g","2017-12-06 03:00:00","Sufficient"
"653","g","2017-12-06 04:00:00","Sufficient"
"654","g","2017-12-06 05:00:00","Sufficient"
"655","g","2017-12-06 06:00:00","Sufficient"
"656","g","2017-12-06 07:00:00","Sufficient"
"657","g","2017-12-06 08:00:00","Sufficient"
"658","g","2017-12-06 09:00:00","Sufficient"
"659","g","2017-12-06 10:00:00","Sufficient"
"660","g","2017-12-06 11:00:00","Sufficient"
"661","g","2017-12-06 12:00:00","Sufficient"
"662","g","2017-12-06 13:00:00","Sufficient"
"663","g","2017-12-06 14:00:00","Sufficient"
"664","g","2017-12-06 15:00:00","Sufficient"
"665","g","2017-12-06 16:00:00","Sufficient"
"666","g","2017-12-06 17:00:00","Sufficient"
"667","g","2017-12-06 18:00:00","Sufficient"
"668","g","2017-12-06 19:00:00","Sufficient"
"669","g","2017-12-06 20:00:00","Sufficient"
"670","g","2017-12-06 21:00:00","Sufficient"
"671","g","2017-12-06 22:00:00","Sufficient"
"672","g","2017-12-06 23:00:00","Sufficient"
"673","g","2017-12-07 00:00:00","Sufficient"
"674","g","2017-12-07 01:00:00","Sufficient"
"675","g","2017-12-07 02:00:00","Sufficient"
"676","g","2017-12-07 03:00:00","Sufficient"
"677","g","2017-12-07 04:00:00","Sufficient"
"678","g","2017-12-07 05:00:00","Sufficient"
"679","g","2017-12-07 06:00:00","Sufficient"
"680","g","2017-12-07 07:00:00","Sufficient"
"681","g","2017-12-07 08:00:00","Sufficient"
"682","g","2017-12-07 09:00:00","Sufficient"
"683","g","2017-12-07 10:00:00","Sufficient"
"684","g","2017-12-07 11:00:00","Sufficient"
"685","g","2017-12-07 12:00:00","Sufficient"
"686","g","2017-12-07 13:00:00","Sufficient"
"687","g","2017-12-07 14:00:00","Sufficient"
"688","g","2017-12-07 15:00:00","Sufficient"
"689","g","2017-12-07 16:00:00","Sufficient"
"690","g","2017-12-07 17:00:00","Sufficient"
"691","g","2017-12-07 18:00:00","Sufficient"
"692","g","2017-12-07 19:00:00","Sufficient"
"693","g","2017-12-07 20:00:00","Sufficient"
"694","g","2017-12-07 21:00:00","Sufficient"
"695","g","2017-12-07 22:00:00","Sufficient"
"696","g","2017-12-07 23:00:00","Sufficient"
"697","g","2017-12-08 00:00:00","Sufficient"
"698","g","2017-12-08 01:00:00","Sufficient"
"699","g","2017-12-08 02:00:00","Sufficient"
"700","g","2017-12-08 03:00:00","Sufficient"
"701","g","2017-12-08 04:00:00","Sufficient"
"702","g","2017-12-08 05:00:00","Sufficient"
"703","g","2017-12-08 06:00:00","Sufficient"
"704","g","2017-12-08 07:00:00","Sufficient"
"705","g","2017-12-08 08:00:00","Sufficient"
"706","g","2017-12-08 09:00:00","Sufficient"
"707","g","2017-12-08 10:00:00","Sufficient"
"708","g","2017-12-08 11:00:00","Sufficient"
"709","g","2017-12-08 12:00:00","Sufficient"
"710","g","2017-12-08 13:00:00","Sufficient"
"711","g","2017-12-08 14:00:00","Sufficient"
"712","g","2017-12-08 15:00:00","Sufficient"
"713","g","2017-12-08 16:00:00","Sufficient"
"714","g","2017-12-08 17:00:00","Sufficient"
"715","g","2017-12-08 18:00:00","Sufficient"
"716","g","2017-12-08 19:00:00","Sufficient"
"717","g","2017-12-08 20:00:00","Sufficient"
"718","g","2017-12-08 21:00:00","Sufficient"
"719","g","2017-12-08 22:00:00","Sufficient"
"720","g","2017-12-08 23:00:00","Sufficient"
"721","k","2017-12-04 00:00:00","Sufficient"
"722","k","2017-12-04 01:00:00","Sufficient"
"723","k","2017-12-04 02:00:00","Sufficient"
"724","k","2017-12-04 03:00:00","Sufficient"
"725","k","2017-12-04 04:00:00","Sufficient"
"726","k","2017-12-04 05:00:00","Sufficient"
"727","k","2017-12-04 06:00:00","Sufficient"
"728","k","2017-12-04 07:00:00","Sufficient"
"729","k","2017-12-04 08:00:00","Sufficient"
"730","k","2017-12-04 09:00:00","Sufficient"
"731","k","2017-12-04 10:00:00","Sufficient"
"732","k","2017-12-04 11:00:00","Sufficient"
"733","k","2017-12-04 12:00:00","Sufficient"
"734","k","2017-12-04 13:00:00","Sufficient"
"735","k","2017-12-04 14:00:00","Sufficient"
"736","k","2017-12-04 15:00:00","Sufficient"
"737","k","2017-12-04 16:00:00","Sufficient"
"738","k","2017-12-04 17:00:00","Sufficient"
"739","k","2017-12-04 18:00:00","Sufficient"
"740","k","2017-12-04 19:00:00","Sufficient"
"741","k","2017-12-04 20:00:00","Sufficient"
"742","k","2017-12-04 21:00:00","Sufficient"
"743","k","2017-12-04 22:00:00","Sufficient"
"744","k","2017-12-04 23:00:00","Sufficient"
"745","k","2017-12-05 00:00:00","Sufficient"
"746","k","2017-12-05 01:00:00","Sufficient"
"747","k","2017-12-05 02:00:00","Sufficient"
"748","k","2017-12-05 03:00:00","Sufficient"
"749","k","2017-12-05 04:00:00","Sufficient"
"750","k","2017-12-05 05:00:00","Sufficient"
"751","k","2017-12-05 06:00:00","Sufficient"
"752","k","2017-12-05 07:00:00","Sufficient"
"753","k","2017-12-05 08:00:00","Sufficient"
"754","k","2017-12-05 09:00:00","Sufficient"
"755","k","2017-12-05 10:00:00","Sufficient"
"756","k","2017-12-05 11:00:00","Sufficient"
"757","k","2017-12-05 12:00:00","Sufficient"
"758","k","2017-12-05 13:00:00","Sufficient"
"759","k","2017-12-05 14:00:00","Sufficient"
"760","k","2017-12-05 15:00:00","Sufficient"
"761","k","2017-12-05 16:00:00","Sufficient"
"762","k","2017-12-05 17:00:00","Sufficient"
"763","k","2017-12-05 18:00:00","Sufficient"
"764","k","2017-12-05 19:00:00","Sufficient"
"765","k","2017-12-05 20:00:00","Sufficient"
"766","k","2017-12-05 21:00:00","Sufficient"
"767","k","2017-12-05 22:00:00","Sufficient"
"768","k","2017-12-05 23:00:00","Sufficient"
"769","k","2017-12-06 00:00:00","Sufficient"
"770","k","2017-12-06 01:00:00","Sufficient"
"771","k","2017-12-06 02:00:00","Sufficient"
"772","k","2017-12-06 03:00:00","Sufficient"
"773","k","2017-12-06 04:00:00","Sufficient"
"774","k","2017-12-06 05:00:00","Sufficient"
"775","k","2017-12-06 06:00:00","Sufficient"
"776","k","2017-12-06 07:00:00","Sufficient"
"777","k","2017-12-06 08:00:00","Sufficient"
"778","k","2017-12-06 09:00:00","Sufficient"
"779","k","2017-12-06 10:00:00","Sufficient"
"780","k","2017-12-06 11:00:00","Sufficient"
"781","k","2017-12-06 12:00:00","Sufficient"
"782","k","2017-12-06 13:00:00","Sufficient"
"783","k","2017-12-06 14:00:00","Sufficient"
"784","k","2017-12-06 15:00:00","Sufficient"
"785","k","2017-12-06 16:00:00","Sufficient"
"786","k","2017-12-06 17:00:00","Sufficient"
"787","k","2017-12-06 18:00:00","Sufficient"
"788","k","2017-12-06 19:00:00","Sufficient"
"789","k","2017-12-06 20:00:00","Sufficient"
"790","k","2017-12-06 21:00:00","Sufficient"
"791","k","2017-12-06 22:00:00","Sufficient"
"792","k","2017-12-06 23:00:00","Sufficient"
"793","k","2017-12-07 00:00:00","Sufficient"
"794","k","2017-12-07 01:00:00","Sufficient"
"795","k","2017-12-07 02:00:00","Sufficient"
"796","k","2017-12-07 03:00:00","Sufficient"
"797","k","2017-12-07 04:00:00","Sufficient"
"798","k","2017-12-07 05:00:00","Sufficient"
"799","k","2017-12-07 06:00:00","Sufficient"
"800","k","2017-12-07 07:00:00","Sufficient"
"801","k","2017-12-07 08:00:00","Sufficient"
"802","k","2017-12-07 09:00:00","Sufficient"
"803","k","2017-12-07 10:00:00","Sufficient"
"804","k","2017-12-07 11:00:00","Sufficient"
"805","k","2017-12-07 12:00:00","Sufficient"
"806","k","2017-12-07 13:00:00","Sufficient"
"807","k","2017-12-07 14:00:00","Sufficient"
"808","k","2017-12-07 15:00:00","Sufficient"
"809","k","2017-12-07 16:00:00","Sufficient"
"810","k","2017-12-07 17:00:00","Sufficient"
"811","k","2017-12-07 18:00:00","Sufficient"
"812","k","2017-12-07 19:00:00","Sufficient"
"813","k","2017-12-07 20:00:00","Sufficient"
"814","k","2017-12-07 21:00:00","Sufficient"
"815","k","2017-12-07 22:00:00","Sufficient"
"816","k","2017-12-07 23:00:00","Sufficient"
"817","k","2017-12-08 00:00:00","Sufficient"
"818","k","2017-12-08 01:00:00","Sufficient"
"819","k","2017-12-08 02:00:00","Sufficient"
"820","k","2017-12-08 03:00:00","Sufficient"
"821","k","2017-12-08 04:00:00","Sufficient"
"822","k","2017-12-08 05:00:00","Sufficient"
"823","k","2017-12-08 06:00:00","Sufficient"
"824","k","2017-12-08 07:00:00","Sufficient"
"825","k","2017-12-08 08:00:00","Sufficient"
"826","k","2017-12-08 09:00:00","Sufficient"
"827","k","2017-12-08 10:00:00","Sufficient"
"828","k","2017-12-08 11:00:00","Sufficient"
"829","k","2017-12-08 12:00:00","Sufficient"
"830","k","2017-12-08 13:00:00","Sufficient"
"831","k","2017-12-08 14:00:00","Sufficient"
"832","k","2017-12-08 15:00:00","Sufficient"
"833","k","2017-12-08 16:00:00","Sufficient"
"834","k","2017-12-08 17:00:00","Sufficient"
"835","k","2017-12-08 18:00:00","Sufficient"
"836","k","2017-12-08 19:00:00","Sufficient"
"837","k","2017-12-08 20:00:00","Sufficient"
"838","k","2017-12-08 21:00:00","Sufficient"
"839","k","2017-12-08 22:00:00","Sufficient"
"840","k","2017-12-08 23:00:00","Sufficient"
"841","q","2017-12-04 00:00:00","Sufficient"
"842","q","2017-12-04 01:00:00","Sufficient"
"843","q","2017-12-04 02:00:00","Sufficient"
"844","q","2017-12-04 03:00:00","Sufficient"
"845","q","2017-12-04 04:00:00","Sufficient"
"846","q","2017-12-04 05:00:00","Sufficient"
"847","q","2017-12-04 06:00:00","Sufficient"
"848","q","2017-12-04 07:00:00","Sufficient"
"849","q","2017-12-04 08:00:00","Sufficient"
"850","q","2017-12-04 09:00:00","Sufficient"
"851","q","2017-12-04 10:00:00","Sufficient"
"852","q","2017-12-04 11:00:00","Sufficient"
"853","q","2017-12-04 12:00:00","Sufficient"
"854","q","2017-12-04 13:00:00","Sufficient"
"855","q","2017-12-04 14:00:00","Sufficient"
"856","q","2017-12-04 15:00:00","Sufficient"
"857","q","2017-12-04 16:00:00","Sufficient"
"858","q","2017-12-04 17:00:00","Sufficient"
"859","q","2017-12-04 18:00:00","Sufficient"
"860","q","2017-12-04 19:00:00","Sufficient"
"861","q","2017-12-04 20:00:00","Sufficient"
"862","q","2017-12-04 21:00:00","Sufficient"
"863","q","2017-12-04 22:00:00","Sufficient"
"864","q","2017-12-04 23:00:00","Sufficient"
"865","q","2017-12-05 00:00:00","Sufficient"
"866","q","2017-12-05 01:00:00","Sufficient"
"867","q","2017-12-05 02:00:00","Sufficient"
"868","q","2017-12-05 03:00:00","Sufficient"
"869","q","2017-12-05 04:00:00","Sufficient"
"870","q","2017-12-05 05:00:00","Sufficient"
"871","q","2017-12-05 06:00:00","Sufficient"
"872","q","2017-12-05 07:00:00","Sufficient"
"873","q","2017-12-05 08:00:00","Sufficient"
"874","q","2017-12-05 09:00:00","Sufficient"
"875","q","2017-12-05 10:00:00","Sufficient"
"876","q","2017-12-05 11:00:00","Sufficient"
"877","q","2017-12-05 12:00:00","Sufficient"
"878","q","2017-12-05 13:00:00","Sufficient"
"879","q","2017-12-05 14:00:00","Sufficient"
"880","q","2017-12-05 15:00:00","Sufficient"
"881","q","2017-12-05 16:00:00","Sufficient"
"882","q","2017-12-05 17:00:00","Sufficient"
"883","q","2017-12-05 18:00:00","Sufficient"
"884","q","2017-12-05 19:00:00","Sufficient"
"885","q","2017-12-05 20:00:00","Sufficient"
"886","q","2017-12-05 21:00:00","Sufficient"
"887","q","2017-12-05 22:00:00","Sufficient"
"888","q","2017-12-05 23:00:00","Sufficient"
"889","q","2017-12-06 00:00:00","Sufficient"
"890","q","2017-12-06 01:00:00","Sufficient"
"891","q","2017-12-06 02:00:00","Sufficient"
"892","q","2017-12-06 03:00:00","Sufficient"
"893","q","2017-12-06 04:00:00","Sufficient"
"894","q","2017-12-06 05:00:00","Sufficient"
"895","q","2017-12-06 06:00:00","Sufficient"
"896","q","2017-12-06 07:00:00","Sufficient"
"897","q","2017-12-06 08:00:00","Sufficient"
"898","q","2017-12-06 09:00:00","Sufficient"
"899","q","2017-12-06 10:00:00","Sufficient"
"900","q","2017-12-06 11:00:00","Sufficient"
"901","q","2017-12-06 12:00:00","Sufficient"
"902","q","2017-12-06 13:00:00","Sufficient"
"903","q","2017-12-06 14:00:00","Sufficient"
"904","q","2017-12-06 15:00:00","Sufficient"
"905","q","2017-12-06 16:00:00","Sufficient"
"906","q","2017-12-06 17:00:00","Sufficient"
"907","q","2017-12-06 18:00:00","Sufficient"
"908","q","2017-12-06 19:00:00","Sufficient"
"909","q","2017-12-06 20:00:00","Sufficient"
"910","q","2017-12-06 21:00:00","Sufficient"
"911","q","2017-12-06 22:00:00","Sufficient"
"912","q","2017-12-06 23:00:00","Sufficient"
"913","q","2017-12-07 00:00:00","Sufficient"
"914","q","2017-12-07 01:00:00","Sufficient"
"915","q","2017-12-07 02:00:00","Sufficient"
"916","q","2017-12-07 03:00:00","Sufficient"
"917","q","2017-12-07 04:00:00","Sufficient"
"918","q","2017-12-07 05:00:00","Sufficient"
"919","q","2017-12-07 06:00:00","Sufficient"
"920","q","2017-12-07 07:00:00","Sufficient"
"921","q","2017-12-07 08:00:00","Sufficient"
"922","q","2017-12-07 09:00:00","Sufficient"
"923","q","2017-12-07 10:00:00","Sufficient"
"924","q","2017-12-07 11:00:00","Sufficient"
"925","q","2017-12-07 12:00:00","Sufficient"
"926","q","2017-12-07 13:00:00","Sufficient"
"927","q","2017-12-07 14:00:00","Sufficient"
"928","q","2017-12-07 15:00:00","Sufficient"
"929","q","2017-12-07 16:00:00","Sufficient"
"930","q","2017-12-07 17:00:00","Sufficient"
"931","q","2017-12-07 18:00:00","Sufficient"
"932","q","2017-12-07 19:00:00","Sufficient"
"933","q","2017-12-07 20:00:00","Sufficient"
"934","q","2017-12-07 21:00:00","Sufficient"
"935","q","2017-12-07 22:00:00","Sufficient"
"936","q","2017-12-07 23:00:00","Sufficient"
"937","q","2017-12-08 00:00:00","Sufficient"
"938","q","2017-12-08 01:00:00","Sufficient"
"939","q","2017-12-08 02:00:00","Sufficient"
"940","q","2017-12-08 03:00:00","Sufficient"
"941","q","2017-12-08 04:00:00","Sufficient"
"942","q","2017-12-08 05:00:00","Sufficient"
"943","q","2017-12-08 06:00:00","Sufficient"
"944","q","2017-12-08 07:00:00","Sufficient"
"945","q","2017-12-08 08:00:00","Sufficient"
"946","q","2017-12-08 09:00:00","Sufficient"
"947","q","2017-12-08 10:00:00","Sufficient"
"948","q","2017-12-08 11:00:00","Sufficient"
"949","q","2017-12-08 12:00:00","Sufficient"
"950","q","2017-12-08 13:00:00","Sufficient"
"951","q","2017-12-08 14:00:00","Sufficient"
"952","q","2017-12-08 15:00:00","Sufficient"
"953","q","2017-12-08 16:00:00","Sufficient"
"954","q","2017-12-08 17:00:00","Sufficient"
"955","q","2017-12-08 18:00:00","Sufficient"
"956","q","2017-12-08 19:00:00","Sufficient"
"957","q","2017-12-08 20:00:00","Sufficient"
"958","q","2017-12-08 21:00:00","Sufficient"
"959","q","2017-12-08 22:00:00","Sufficient"
"960","q","2017-12-08 23:00:00","Sufficient"
"961","s","2017-12-04 00:00:00","Insufficient"
"962","s","2017-12-04 01:00:00","Insufficient"
"963","s","2017-12-04 02:00:00","Insufficient"
"964","s","2017-12-04 03:00:00","Insufficient"
"965","s","2017-12-04 04:00:00","Insufficient"
"966","s","2017-12-04 05:00:00","Insufficient"
"967","s","2017-12-04 06:00:00","Insufficient"
"968","s","2017-12-04 07:00:00","Insufficient"
"969","s","2017-12-04 08:00:00","Insufficient"
"970","s","2017-12-04 09:00:00","Insufficient"
"971","s","2017-12-04 10:00:00","Insufficient"
"972","s","2017-12-04 11:00:00","Insufficient"
"973","s","2017-12-04 12:00:00","Insufficient"
"974","s","2017-12-04 13:00:00","Insufficient"
"975","s","2017-12-04 14:00:00","Insufficient"
"976","s","2017-12-04 15:00:00","Insufficient"
"977","s","2017-12-04 16:00:00","Insufficient"
"978","s","2017-12-04 17:00:00","Insufficient"
"979","s","2017-12-04 18:00:00","Insufficient"
"980","s","2017-12-04 19:00:00","Insufficient"
"981","s","2017-12-04 20:00:00","Insufficient"
"982","s","2017-12-04 21:00:00","Insufficient"
"983","s","2017-12-04 22:00:00","Insufficient"
"984","s","2017-12-04 23:00:00","Insufficient"
"985","s","2017-12-05 00:00:00","Insufficient"
"986","s","2017-12-05 01:00:00","Insufficient"
"987","s","2017-12-05 02:00:00","Insufficient"
"988","s","2017-12-05 03:00:00","Insufficient"
"989","s","2017-12-05 04:00:00","Insufficient"
"990","s","2017-12-05 05:00:00","Insufficient"
"991","s","2017-12-05 06:00:00","Insufficient"
"992","s","2017-12-05 07:00:00","Insufficient"
"993","s","2017-12-05 08:00:00","Insufficient"
"994","s","2017-12-05 09:00:00","Insufficient"
"995","s","2017-12-05 10:00:00","Insufficient"
"996","s","2017-12-05 11:00:00","Insufficient"
"997","s","2017-12-05 12:00:00","Insufficient"
"998","s","2017-12-05 13:00:00","Insufficient"
"999","s","2017-12-05 14:00:00","Insufficient"
"1000","s","2017-12-05 15:00:00","Insufficient"
"1001","s","2017-12-05 16:00:00","Insufficient"
"1002","s","2017-12-05 17:00:00","Insufficient"
"1003","s","2017-12-05 18:00:00","Insufficient"
"1004","s","2017-12-05 19:00:00","Insufficient"
"1005","s","2017-12-05 20:00:00","Insufficient"
"1006","s","2017-12-05 21:00:00","Insufficient"
"1007","s","2017-12-05 22:00:00","Insufficient"
"1008","s","2017-12-05 23:00:00","Insufficient"
"1009","s","2017-12-06 00:00:00","Insufficient"
"1010","s","2017-12-06 01:00:00","Insufficient"
"1011","s","2017-12-06 02:00:00","Insufficient"
"1012","s","2017-12-06 03:00:00","Insufficient"
"1013","s","2017-12-06 04:00:00","Insufficient"
"1014","s","2017-12-06 05:00:00","Insufficient"
"1015","s","2017-12-06 06:00:00","Insufficient"
"1016","s","2017-12-06 07:00:00","Insufficient"
"1017","s","2017-12-06 08:00:00","Insufficient"
"1018","s","2017-12-06 09:00:00","Insufficient"
"1019","s","2017-12-06 10:00:00","Insufficient"
"1020","s","2017-12-06 11:00:00","Insufficient"
"1021","s","2017-12-06 12:00:00","Insufficient"
"1022","s","2017-12-06 13:00:00","Insufficient"
"1023","s","2017-12-06 14:00:00","Insufficient"
"1024","s","2017-12-06 15:00:00","Insufficient"
"1025","s","2017-12-06 16:00:00","Insufficient"
"1026","s","2017-12-06 17:00:00","Insufficient"
"1027","s","2017-12-06 18:00:00","Insufficient"
"1028","s","2017-12-06 19:00:00","Insufficient"
"1029","s","2017-12-06 20:00:00","Insufficient"
"1030","s","2017-12-06 21:00:00","Insufficient"
"1031","s","2017-12-06 22:00:00","Insufficient"
"1032","s","2017-12-06 23:00:00","Insufficient"
"1033","s","2017-12-07 00:00:00","Insufficient"
"1034","s","2017-12-07 01:00:00","Insufficient"
"1035","s","2017-12-07 02:00:00","Insufficient"
"1036","s","2017-12-07 03:00:00","Insufficient"
"1037","s","2017-12-07 04:00:00","Insufficient"
"1038","s","2017-12-07 05:00:00","Insufficient"
"1039","s","2017-12-07 06:00:00","Insufficient"
"1040","s","2017-12-07 07:00:00","Insufficient"
"1041","s","2017-12-07 08:00:00","Insufficient"
"1042","s","2017-12-07 09:00:00","Insufficient"
"1043","s","2017-12-07 10:00:00","Insufficient"
"1044","s","2017-12-07 11:00:00","Insufficient"
"1045","s","2017-12-07 12:00:00","Insufficient"
"1046","s","2017-12-07 13:00:00","Insufficient"
"1047","s","2017-12-07 14:00:00","Insufficient"
"1048","s","2017-12-07 15:00:00","Insufficient"
"1049","s","2017-12-07 16:00:00","Insufficient"
"1050","s","2017-12-07 17:00:00","Insufficient"
"1051","s","2017-12-07 18:00:00","Insufficient"
"1052","s","2017-12-07 19:00:00","Insufficient"
"1053","s","2017-12-07 20:00:00","Insufficient"
"1054","s","2017-12-07 21:00:00","Insufficient"
"1055","s","2017-12-07 22:00:00","Insufficient"
"1056","s","2017-12-07 23:00:00","Insufficient"
"1057","s","2017-12-08 00:00:00","Insufficient"
"1058","s","2017-12-08 01:00:00","Insufficient"
"1059","s","2017-12-08 02:00:00","Insufficient"
"1060","s","2017-12-08 03:00:00","Insufficient"
"1061","s","2017-12-08 04:00:00","Insufficient"
"1062","s","2017-12-08 05:00:00","Insufficient"
"1063","s","2017-12-08 06:00:00","Insufficient"
"1064","s","2017-12-08 07:00:00","Insufficient"
"1065","s","2017-12-08 08:00:00","Insufficient"
"1066","s","2017-12-08 09:00:00","Insufficient"
"1067","s","2017-12-08 10:00:00","Insufficient"
"1068","s","2017-12-08 11:00:00","Insufficient"
"1069","s","2017-12-08 12:00:00","Insufficient"
"1070","s","2017-12-08 13:00:00","Insufficient"
"1071","s","2017-12-08 14:00:00","Insufficient"
"1072","s","2017-12-08 15:00:00","Insufficient"
"1073","s","2017-12-08 16:00:00","Insufficient"
"1074","s","2017-12-08 17:00:00","Insufficient"
"1075","s","2017-12-08 18:00:00","Insufficient"
"1076","s","2017-12-08 19:00:00","Insufficient"
"1077","s","2017-12-08 20:00:00","Insufficient"
"1078","s","2017-12-08 21:00:00","Insufficient"
"1079","s","2017-12-08 22:00:00","Insufficient"
"1080","s","2017-12-08 23:00:00","Insufficient"
"1081","t","2017-12-04 00:00:00","Sufficient"
"1082","t","2017-12-04 01:00:00","Sufficient"
"1083","t","2017-12-04 02:00:00","Sufficient"
"1084","t","2017-12-04 03:00:00","Sufficient"
"1085","t","2017-12-04 04:00:00","Sufficient"
"1086","t","2017-12-04 05:00:00","Sufficient"
"1087","t","2017-12-04 06:00:00","Sufficient"
"1088","t","2017-12-04 07:00:00","Sufficient"
"1089","t","2017-12-04 08:00:00","Sufficient"
"1090","t","2017-12-04 09:00:00","Sufficient"
"1091","t","2017-12-04 10:00:00","Sufficient"
"1092","t","2017-12-04 11:00:00","Sufficient"
"1093","t","2017-12-04 12:00:00","Sufficient"
"1094","t","2017-12-04 13:00:00","Sufficient"
"1095","t","2017-12-04 14:00:00","Sufficient"
"1096","t","2017-12-04 15:00:00","Sufficient"
"1097","t","2017-12-04 16:00:00","Sufficient"
"1098","t","2017-12-04 17:00:00","Sufficient"
"1099","t","2017-12-04 18:00:00","Sufficient"
"1100","t","2017-12-04 19:00:00","Sufficient"
"1101","t","2017-12-04 20:00:00","Sufficient"
"1102","t","2017-12-04 21:00:00","Sufficient"
"1103","t","2017-12-04 22:00:00","Sufficient"
"1104","t","2017-12-04 23:00:00","Sufficient"
"1105","t","2017-12-05 00:00:00","Sufficient"
"1106","t","2017-12-05 01:00:00","Sufficient"
"1107","t","2017-12-05 02:00:00","Sufficient"
"1108","t","2017-12-05 03:00:00","Sufficient"
"1109","t","2017-12-05 04:00:00","Sufficient"
"1110","t","2017-12-05 05:00:00","Sufficient"
"1111","t","2017-12-05 06:00:00","Sufficient"
"1112","t","2017-12-05 07:00:00","Sufficient"
"1113","t","2017-12-05 08:00:00","Sufficient"
"1114","t","2017-12-05 09:00:00","Sufficient"
"1115","t","2017-12-05 10:00:00","Sufficient"
"1116","t","2017-12-05 11:00:00","Sufficient"
"1117","t","2017-12-05 12:00:00","Sufficient"
"1118","t","2017-12-05 13:00:00","Sufficient"
"1119","t","2017-12-05 14:00:00","Sufficient"
"1120","t","2017-12-05 15:00:00","Sufficient"
"1121","t","2017-12-05 16:00:00","Sufficient"
"1122","t","2017-12-05 17:00:00","Sufficient"
"1123","t","2017-12-05 18:00:00","Sufficient"
"1124","t","2017-12-05 19:00:00","Sufficient"
"1125","t","2017-12-05 20:00:00","Sufficient"
"1126","t","2017-12-05 21:00:00","Sufficient"
"1127","t","2017-12-05 22:00:00","Sufficient"
"1128","t","2017-12-05 23:00:00","Sufficient"
"1129","t","2017-12-06 00:00:00","Sufficient"
"1130","t","2017-12-06 01:00:00","Sufficient"
"1131","t","2017-12-06 02:00:00","Sufficient"
"1132","t","2017-12-06 03:00:00","Sufficient"
"1133","t","2017-12-06 04:00:00","Sufficient"
"1134","t","2017-12-06 05:00:00","Sufficient"
"1135","t","2017-12-06 06:00:00","Sufficient"
"1136","t","2017-12-06 07:00:00","Sufficient"
"1137","t","2017-12-06 08:00:00","Sufficient"
"1138","t","2017-12-06 09:00:00","Sufficient"
"1139","t","2017-12-06 10:00:00","Sufficient"
"1140","t","2017-12-06 11:00:00","Sufficient"
"1141","t","2017-12-06 12:00:00","Sufficient"
"1142","t","2017-12-06 13:00:00","Sufficient"
"1143","t","2017-12-06 14:00:00","Sufficient"
"1144","t","2017-12-06 15:00:00","Sufficient"
"1145","t","2017-12-06 16:00:00","Sufficient"
"1146","t","2017-12-06 17:00:00","Sufficient"
"1147","t","2017-12-06 18:00:00","Sufficient"
"1148","t","2017-12-06 19:00:00","Sufficient"
"1149","t","2017-12-06 20:00:00","Sufficient"
"1150","t","2017-12-06 21:00:00","Sufficient"
"1151","t","2017-12-06 22:00:00","Sufficient"
"1152","t","2017-12-06 23:00:00","Sufficient"
"1153","t","2017-12-07 00:00:00","Sufficient"
"1154","t","2017-12-07 01:00:00","Sufficient"
"1155","t","2017-12-07 02:00:00","Sufficient"
"1156","t","2017-12-07 03:00:00","Sufficient"
"1157","t","2017-12-07 04:00:00","Sufficient"
"1158","t","2017-12-07 05:00:00","Sufficient"
"1159","t","2017-12-07 06:00:00","Sufficient"
"1160","t","2017-12-07 07:00:00","Sufficient"
"1161","t","2017-12-07 08:00:00","Sufficient"
"1162","t","2017-12-07 09:00:00","Sufficient"
"1163","t","2017-12-07 10:00:00","Sufficient"
"1164","t","2017-12-07 11:00:00","Sufficient"
"1165","t","2017-12-07 12:00:00","Sufficient"
"1166","t","2017-12-07 13:00:00","Sufficient"
"1167","t","2017-12-07 14:00:00","Sufficient"
"1168","t","2017-12-07 15:00:00","Sufficient"
"1169","t","2017-12-07 16:00:00","Sufficient"
"1170","t","2017-12-07 17:00:00","Sufficient"
"1171","t","2017-12-07 18:00:00","Sufficient"
"1172","t","2017-12-07 19:00:00","Sufficient"
"1173","t","2017-12-07 20:00:00","Sufficient"
"1174","t","2017-12-07 21:00:00","Sufficient"
"1175","t","2017-12-07 22:00:00","Sufficient"
"1176","t","2017-12-07 23:00:00","Sufficient"
"1177","t","2017-12-08 00:00:00","Sufficient"
"1178","t","2017-12-08 01:00:00","Sufficient"
"1179","t","2017-12-08 02:00:00","Sufficient"
"1180","t","2017-12-08 03:00:00","Sufficient"
"1181","t","2017-12-08 04:00:00","Sufficient"
"1182","t","2017-12-08 05:00:00","Sufficient"
"1183","t","2017-12-08 06:00:00","Sufficient"
"1184","t","2017-12-08 07:00:00","Sufficient"
"1185","t","2017-12-08 08:00:00","Sufficient"
"1186","t","2017-12-08 09:00:00","Sufficient"
"1187","t","2017-12-08 10:00:00","Sufficient"
"1188","t","2017-12-08 11:00:00","Sufficient"
"1189","t","2017-12-08 12:00:00","Sufficient"
"1190","t","2017-12-08 13:00:00","Sufficient"
"1191","t","2017-12-08 14:00:00","Sufficient"
"1192","t","2017-12-08 15:00:00","Sufficient"
"1193","t","2017-12-08 16:00:00","Sufficient"
"1194","t","2017-12-08 17:00:00","Sufficient"
"1195","t","2017-12-08 18:00:00","Sufficient"
"1196","t","2017-12-08 19:00:00","Sufficient"
"1197","t","2017-12-08 20:00:00","Sufficient"
"1198","t","2017-12-08 21:00:00","Sufficient"
"1199","t","2017-12-08 22:00:00","Sufficient"
"1200","t","2017-12-08 23:00:00","Sufficient"
"1201","u","2017-12-04 00:00:00","Sufficient"
"1202","u","2017-12-04 01:00:00","Sufficient"
"1203","u","2017-12-04 02:00:00","Sufficient"
"1204","u","2017-12-04 03:00:00","Sufficient"
"1205","u","2017-12-04 04:00:00","Sufficient"
"1206","u","2017-12-04 05:00:00","Sufficient"
"1207","u","2017-12-04 06:00:00","Sufficient"
"1208","u","2017-12-04 07:00:00","Sufficient"
"1209","u","2017-12-04 08:00:00","Sufficient"
"1210","u","2017-12-04 09:00:00","Sufficient"
"1211","u","2017-12-04 10:00:00","Sufficient"
"1212","u","2017-12-04 11:00:00","Sufficient"
"1213","u","2017-12-04 12:00:00","Sufficient"
"1214","u","2017-12-04 13:00:00","Sufficient"
"1215","u","2017-12-04 14:00:00","Sufficient"
"1216","u","2017-12-04 15:00:00","Sufficient"
"1217","u","2017-12-04 16:00:00","Sufficient"
"1218","u","2017-12-04 17:00:00","Sufficient"
"1219","u","2017-12-04 18:00:00","Sufficient"
"1220","u","2017-12-04 19:00:00","Sufficient"
"1221","u","2017-12-04 20:00:00","Sufficient"
"1222","u","2017-12-04 21:00:00","Sufficient"
"1223","u","2017-12-04 22:00:00","Sufficient"
"1224","u","2017-12-04 23:00:00","Sufficient"
"1225","u","2017-12-05 00:00:00","Sufficient"
"1226","u","2017-12-05 01:00:00","Sufficient"
"1227","u","2017-12-05 02:00:00","Sufficient"
"1228","u","2017-12-05 03:00:00","Sufficient"
"1229","u","2017-12-05 04:00:00","Sufficient"
"1230","u","2017-12-05 05:00:00","Sufficient"
"1231","u","2017-12-05 06:00:00","Sufficient"
"1232","u","2017-12-05 07:00:00","Sufficient"
"1233","u","2017-12-05 08:00:00","Sufficient"
"1234","u","2017-12-05 09:00:00","Sufficient"
"1235","u","2017-12-05 10:00:00","Sufficient"
"1236","u","2017-12-05 11:00:00","Sufficient"
"1237","u","2017-12-05 12:00:00","Sufficient"
"1238","u","2017-12-05 13:00:00","Sufficient"
"1239","u","2017-12-05 14:00:00","Sufficient"
"1240","u","2017-12-05 15:00:00","Sufficient"
"1241","u","2017-12-05 16:00:00","Sufficient"
"1242","u","2017-12-05 17:00:00","Sufficient"
"1243","u","2017-12-05 18:00:00","Sufficient"
"1244","u","2017-12-05 19:00:00","Sufficient"
"1245","u","2017-12-05 20:00:00","Sufficient"
"1246","u","2017-12-05 21:00:00","Sufficient"
"1247","u","2017-12-05 22:00:00","Sufficient"
"1248","u","2017-12-05 23:00:00","Sufficient"
"1249","u","2017-12-06 00:00:00","Sufficient"
"1250","u","2017-12-06 01:00:00","Sufficient"
"1251","u","2017-12-06 02:00:00","Sufficient"
"1252","u","2017-12-06 03:00:00","Sufficient"
"1253","u","2017-12-06 04:00:00","Sufficient"
"1254","u","2017-12-06 05:00:00","Sufficient"
"1255","u","2017-12-06 06:00:00","Sufficient"
"1256","u","2017-12-06 07:00:00","Sufficient"
"1257","u","2017-12-06 08:00:00","Sufficient"
"1258","u","2017-12-06 09:00:00","Sufficient"
"1259","u","2017-12-06 10:00:00","Sufficient"
"1260","u","2017-12-06 11:00:00","Sufficient"
"1261","u","2017-12-06 12:00:00","Sufficient"
"1262","u","2017-12-06 13:00:00","Sufficient"
"1263","u","2017-12-06 14:00:00","Sufficient"
"1264","u","2017-12-06 15:00:00","Sufficient"
"1265","u","2017-12-06 16:00:00","Sufficient"
"1266","u","2017-12-06 17:00:00","Sufficient"
"1267","u","2017-12-06 18:00:00","Sufficient"
"1268","u","2017-12-06 19:00:00","Sufficient"
"1269","u","2017-12-06 20:00:00","Sufficient"
"1270","u","2017-12-06 21:00:00","Sufficient"
"1271","u","2017-12-06 22:00:00","Sufficient"
"1272","u","2017-12-06 23:00:00","Sufficient"
"1273","u","2017-12-07 00:00:00","Sufficient"
"1274","u","2017-12-07 01:00:00","Sufficient"
"1275","u","2017-12-07 02:00:00","Sufficient"
"1276","u","2017-12-07 03:00:00","Sufficient"
"1277","u","2017-12-07 04:00:00","Sufficient"
"1278","u","2017-12-07 05:00:00","Sufficient"
"1279","u","2017-12-07 06:00:00","Sufficient"
"1280","u","2017-12-07 07:00:00","Sufficient"
"1281","u","2017-12-07 08:00:00","Sufficient"
"1282","u","2017-12-07 09:00:00","Sufficient"
"1283","u","2017-12-07 10:00:00","Sufficient"
"1284","u","2017-12-07 11:00:00","Sufficient"
"1285","u","2017-12-07 12:00:00","Sufficient"
"1286","u","2017-12-07 13:00:00","Sufficient"
"1287","u","2017-12-07 14:00:00","Sufficient"
"1288","u","2017-12-07 15:00:00","Sufficient"
"1289","u","2017-12-07 16:00:00","Sufficient"
"1290","u","2017-12-07 17:00:00","Sufficient"
"1291","u","2017-12-07 18:00:00","Sufficient"
"1292","u","2017-12-07 19:00:00","Sufficient"
"1293","u","2017-12-07 20:00:00","Sufficient"
"1294","u","2017-12-07 21:00:00","Sufficient"
"1295","u","2017-12-07 22:00:00","Sufficient"
"1296","u","2017-12-07 23:00:00","Sufficient"
"1297","u","2017-12-08 00:00:00","Sufficient"
"1298","u","2017-12-08 01:00:00","Sufficient"
"1299","u","2017-12-08 02:00:00","Sufficient"
"1300","u","2017-12-08 03:00:00","Sufficient"
"1301","u","2017-12-08 04:00:00","Sufficient"
"1302","u","2017-12-08 05:00:00","Sufficient"
"1303","u","2017-12-08 06:00:00","Sufficient"
"1304","u","2017-12-08 07:00:00","Sufficient"
"1305","u","2017-12-08 08:00:00","Sufficient"
"1306","u","2017-12-08 09:00:00","Sufficient"
"1307","u","2017-12-08 10:00:00","Sufficient"
"1308","u","2017-12-08 11:00:00","Sufficient"
"1309","u","2017-12-08 12:00:00","Sufficient"
"1310","u","2017-12-08 13:00:00","Sufficient"
"1311","u","2017-12-08 14:00:00","Sufficient"
"1312","u","2017-12-08 15:00:00","Sufficient"
"1313","u","2017-12-08 16:00:00","Sufficient"
"1314","u","2017-12-08 17:00:00","Sufficient"
"1315","u","2017-12-08 18:00:00","Sufficient"
"1316","u","2017-12-08 19:00:00","Sufficient"
"1317","u","2017-12-08 20:00:00","Sufficient"
"1318","u","2017-12-08 21:00:00","Sufficient"
"1319","u","2017-12-08 22:00:00","Sufficient"
"1320","u","2017-12-08 23:00:00","Sufficient"
"1321","w","2017-12-04 00:00:00","Sufficient"
"1322","w","2017-12-04 01:00:00","Sufficient"
"1323","w","2017-12-04 02:00:00","Sufficient"
"1324","w","2017-12-04 03:00:00","Sufficient"
"1325","w","2017-12-04 04:00:00","Sufficient"
"1326","w","2017-12-04 05:00:00","Sufficient"
"1327","w","2017-12-04 06:00:00","Sufficient"
"1328","w","2017-12-04 07:00:00","Sufficient"
"1329","w","2017-12-04 08:00:00","Sufficient"
"1330","w","2017-12-04 09:00:00","Sufficient"
"1331","w","2017-12-04 10:00:00","Sufficient"
"1332","w","2017-12-04 11:00:00","Sufficient"
"1333","w","2017-12-04 12:00:00","Sufficient"
"1334","w","2017-12-04 13:00:00","Sufficient"
"1335","w","2017-12-04 14:00:00","Sufficient"
"1336","w","2017-12-04 15:00:00","Sufficient"
"1337","w","2017-12-04 16:00:00","Sufficient"
"1338","w","2017-12-04 17:00:00","Sufficient"
"1339","w","2017-12-04 18:00:00","Sufficient"
"1340","w","2017-12-04 19:00:00","Sufficient"
"1341","w","2017-12-04 20:00:00","Sufficient"
"1342","w","2017-12-04 21:00:00","Sufficient"
"1343","w","2017-12-04 22:00:00","Sufficient"
"1344","w","2017-12-04 23:00:00","Sufficient"
"1345","w","2017-12-05 00:00:00","Sufficient"
"1346","w","2017-12-05 01:00:00","Sufficient"
"1347","w","2017-12-05 02:00:00","Sufficient"
"1348","w","2017-12-05 03:00:00","Sufficient"
"1349","w","2017-12-05 04:00:00","Sufficient"
"1350","w","2017-12-05 05:00:00","Sufficient"
"1351","w","2017-12-05 06:00:00","Sufficient"
"1352","w","2017-12-05 07:00:00","Sufficient"
"1353","w","2017-12-05 08:00:00","Sufficient"
"1354","w","2017-12-05 09:00:00","Sufficient"
"1355","w","2017-12-05 10:00:00","Sufficient"
"1356","w","2017-12-05 11:00:00","Sufficient"
"1357","w","2017-12-05 12:00:00","Sufficient"
"1358","w","2017-12-05 13:00:00","Sufficient"
"1359","w","2017-12-05 14:00:00","Sufficient"
"1360","w","2017-12-05 15:00:00","Sufficient"
"1361","w","2017-12-05 16:00:00","Sufficient"
"1362","w","2017-12-05 17:00:00","Sufficient"
"1363","w","2017-12-05 18:00:00","Sufficient"
"1364","w","2017-12-05 19:00:00","Sufficient"
"1365","w","2017-12-05 20:00:00","Sufficient"
"1366","w","2017-12-05 21:00:00","Sufficient"
"1367","w","2017-12-05 22:00:00","Sufficient"
"1368","w","2017-12-05 23:00:00","Sufficient"
"1369","w","2017-12-06 00:00:00","Sufficient"
"1370","w","2017-12-06 01:00:00","Sufficient"
"1371","w","2017-12-06 02:00:00","Sufficient"
"1372","w","2017-12-06 03:00:00","Sufficient"
"1373","w","2017-12-06 04:00:00","Sufficient"
"1374","w","2017-12-06 05:00:00","Sufficient"
"1375","w","2017-12-06 06:00:00","Sufficient"
"1376","w","2017-12-06 07:00:00","Sufficient"
"1377","w","2017-12-06 08:00:00","Sufficient"
"1378","w","2017-12-06 09:00:00","Sufficient"
"1379","w","2017-12-06 10:00:00","Sufficient"
"1380","w","2017-12-06 11:00:00","Sufficient"
"1381","w","2017-12-06 12:00:00","Sufficient"
"1382","w","2017-12-06 13:00:00","Sufficient"
"1383","w","2017-12-06 14:00:00","Sufficient"
"1384","w","2017-12-06 15:00:00","Sufficient"
"1385","w","2017-12-06 16:00:00","Sufficient"
"1386","w","2017-12-06 17:00:00","Sufficient"
"1387","w","2017-12-06 18:00:00","Sufficient"
"1388","w","2017-12-06 19:00:00","Sufficient"
"1389","w","2017-12-06 20:00:00","Sufficient"
"1390","w","2017-12-06 21:00:00","Sufficient"
"1391","w","2017-12-06 22:00:00","Sufficient"
"1392","w","2017-12-06 23:00:00","Sufficient"
"1393","w","2017-12-07 00:00:00","Sufficient"
"1394","w","2017-12-07 01:00:00","Sufficient"
"1395","w","2017-12-07 02:00:00","Sufficient"
"1396","w","2017-12-07 03:00:00","Sufficient"
"1397","w","2017-12-07 04:00:00","Sufficient"
"1398","w","2017-12-07 05:00:00","Sufficient"
"1399","w","2017-12-07 06:00:00","Sufficient"
"1400","w","2017-12-07 07:00:00","Sufficient"
"1401","w","2017-12-07 08:00:00","Sufficient"
"1402","w","2017-12-07 09:00:00","Sufficient"
"1403","w","2017-12-07 10:00:00","Sufficient"
"1404","w","2017-12-07 11:00:00","Sufficient"
"1405","w","2017-12-07 12:00:00","Sufficient"
"1406","w","2017-12-07 13:00:00","Sufficient"
"1407","w","2017-12-07 14:00:00","Sufficient"
"1408","w","2017-12-07 15:00:00","Sufficient"
"1409","w","2017-12-07 16:00:00","Sufficient"
"1410","w","2017-12-07 17:00:00","Sufficient"
"1411","w","2017-12-07 18:00:00","Sufficient"
"1412","w","2017-12-07 19:00:00","Sufficient"
"1413","w","2017-12-07 20:00:00","Sufficient"
"1414","w","2017-12-07 21:00:00","Sufficient"
"1415","w","2017-12-07 22:00:00","Sufficient"
"1416","w","2017-12-07 23:00:00","Sufficient"
"1417","w","2017-12-08 00:00:00","Sufficient"
"1418","w","2017-12-08 01:00:00","Sufficient"
"1419","w","2017-12-08 02:00:00","Sufficient"
"1420","w","2017-12-08 03:00:00","Sufficient"
"1421","w","2017-12-08 04:00:00","Sufficient"
"1422","w","2017-12-08 05:00:00","Sufficient"
"1423","w","2017-12-08 06:00:00","Sufficient"
"1424","w","2017-12-08 07:00:00","Sufficient"
"1425","w","2017-12-08 08:00:00","Sufficient"
"1426","w","2017-12-08 09:00:00","Sufficient"
"1427","w","2017-12-08 10:00:00","Sufficient"
"1428","w","2017-12-08 11:00:00","Sufficient"
"1429","w","2017-12-08 12:00:00","Sufficient"
"1430","w","2017-12-08 13:00:00","Sufficient"
"1431","w","2017-12-08 14:00:00","Sufficient"
"1432","w","2017-12-08 15:00:00","Sufficient"
"1433","w","2017-12-08 16:00:00","Sufficient"
"1434","w","2017-12-08 17:00:00","Sufficient"
"1435","w","2017-12-08 18:00:00","Sufficient"
"1436","w","2017-12-08 19:00:00","Sufficient"
"1437","w","2017-12-08 20:00:00","Sufficient"
"1438","w","2017-12-08 21:00:00","Sufficient"
"1439","w","2017-12-08 22:00:00","Sufficient"
"1440","w","2017-12-08 23:00:00","Sufficient"
