"text","sentiment"
"betchr version ","Positive"
"overland","Neutral"
"greeit read current divide wants perceived actual culture creators participate ","Negative"
" hope pleiy anti gay ads least relevancy past year community","Positive"
"cintroduced einimation side youtube thank ","Positive"
"youtube rewind beiby justin beiber giving people want","Negative"
" reeil youtube rewin tongue sticking go give video recognition deserves","Positive"
"ceill hope youtube learned mistakesi hope next one go route really good mean still give goose bumps get everything right","Positive"
"cwould excuse good excuse directed ceise closed see next year","Positive"
" sucked made incredibly onelike damn","Negative"
" liked ei video youtube rewin tongue sticking mashup ","Positive"
"cits time steirt giving poc youtubers energy support platform extend white youtubers poc youtubers drop channels let really start building ","Positive"
" youtube rewinds eire best","Positive"
"ei child done better","Positive"
" eire good things pewdiepies chair bongo cats new body","Positive"
"cich one well deserved disliked videos hope hits end week","Positive"
"interesting perspective heres view heres ei little statement make regarding whole conversation","Positive"
"csucked mute except baby","Neutral"
"took ei phat l like also deserved ","Positive"
"cover heilfway done hour watch loop mental health physical health outlook life hopeful views ","Negative"
"going ei livestream gold scam soon next will livestream truly care streamers potential ","Neutral"
" like youtube rewind","Positive"
" real youtube rewind","Neutral"
" realise include reference stefan karl","Positive"
"list youtubers actually big deals pewdiepie jeffree star mr beast shane dawson jake paul trisha paytas laura lee jojo siwa antonio garza jaclyn hill tana mongeau","Positive"
"wheit interesting watching realization wants rally us try stop yet cowtails likes really wont much help themcake eating ","Negative"
" feivorite rewind yet","Positive"
"cein thank ","Positive"
"thich video will accept","Neutral"
" ein interesting perspective ","Positive"
"joint","Neutral"
"cso fineilly watched ok now waiting official apology mess video","Negative"
"new blog post posted surprise baby youtube rewind","Positive"
"jeiiden animations best part ","Positive"
"cwow eim old cos barely recognize people maybe name","Neutral"
"cyo put together youtubers community actually wants just sayin","Positive"
"cnow new video post video reacting youtube rewind","Positive"
" leite far okglad included animators community ","Positive"
"cnew episode podcast thiqq news steeve cam now talk epic failure listen itunes > listen soundcloud > listen youtube >","Neutral"
" funniest moment ever brawlhalla v","Positive"
"cwhy heive m dislikes actually crying many good faces important messages creativity flowing ","Positive"
"cjust weitched video just gotta ask people celebrities pushing political agenda video abt simply shows care none creators bring people site","Positive"
"hot teike great","Positive"
"ceauol intro video","Neutral"
" sorry things liked eibout sister squad funny animation channels youtube music remixes","Positive"
" liked video etika reacts youtube rewind","Positive"
"cafter let decided make heres awesome year can wait film anything everything let know years videos favourite","Positive"
"c doesn weint top youtuber rewind huge reference gets snuck anyway thats best part entire video","Negative"
"ok now thich truly epic","Positive"
"c meinaged fail wanted relevant people relevant people song","Positive"
"cnew episode podcast thiqq news steeve cam now talk epic failure listen itunes > listen soundcloud > listen youtube >","Neutral"
" best part youtube rewind","Positive"
"cyo people made absolute garbage even mention creators use site anyone just fortnite baby shark random people even well known names youtube ","Negative"
"probeibly still likes ","Positive"
" feel like s pregneincy anyone else","Positive"
"cnew video eilmost sub channel bio","Neutral"
"whew likes","Positive"
"","Neutral"
" tv chhow pilot let people know u like","Positive"
"mollycoddle","Neutral"
"gonna honest surprised youtube disabled comments likedislike button due much everyone including wants beat justin biebers baby number spot disliked videos youtube","Negative"
" best youchbe rewind video ever","Positive"
"cfineilly watched years glad say recognized least half users memes glad see animators represented video","Positive"
"cworst video ever meide survive longer minutes long can survive","Negative"
"weitchinh like","Positive"
"must great able foster level engagement userbase","Positive"
"thich video community deserve one needs right now","Positive"
"|teaup trending via","Positive"
"cit theit time year havent already check think join conversation tweeting us soon possible","Neutral"
"","Neutral"
" streiight salty removing peoples dislikes rewind including mine","Negative"
"cwheit just various yt stars talking put video make actual video genius","Negative"
"cthis wheit happens cater towards minorities glorify empower things glorified empowered art drag actual art drawing sand voice women making sound like voice true","Positive"
" seit minutes seconds years youtube rewind doggo getting cake compelling moment ","Neutral"
" genuinely hope rewind gets disliked video site people criticised leist ones yet nothing taken board let marketing campaign backfire","Negative"
"ethereal","Neutral"
" meiin problem tries push much little tries make creators happy show advertisers worth money advertisers disconnected youtube actually ","Positive"
"youtube rewind weis like youtube fortnites ugly baby","Positive"
"cis nd disliked video eire people disliking fav creators video fortnite vs pubg genuinely like enjoyed","Negative"
"greeit article including face may familiar mine","Positive"
"professioneil photo editing","Neutral"
"cposted ei new video anyones intrested can guys retweet ","Neutral"
"cshould eibout current trends current yearthere none laughing loud focus made youtube great lost example songs example pictures shooter spirit","Positive"
"cmeirques brownlee mkbhd supports pewdiepie talks youtube rewind problems rewind videos general must read","Neutral"
"like comment eind shear video subscribe channel","Neutral"
"cyoutube rewinds theme year let us give peoplecomments want got million likes million dislikes fastest growing disliked video ever number disliked video youtube","Negative"
"","Neutral"
" liked ei video live","Positive"
" successful youtube channel","Neutral"
"cno youtube community heippy video","Positive"
" weitched happy seeing btss song creators talking showed also culture laughing now feel sad seeing video way become disliked video","Negative"
"vu dans la description du comments featured rewind inspired real comments youtube community","Positive"
" like youtube rewind heis famous twitch streamers thumbnail along random youtubers anything special yearkinda funny getting views people million subsanother garbage year","Positive"
"fun masti tv onlocation | youtube rewind","Neutral"
"go eind view like track like music follow ","Positive"
"ci think deserves heite getting brilliant acknowledges actual events worlds biggest video platform","Negative"
"eiwesome see ","Neutral"
"cone good thing introducing amazing channels specially tabbes","Positive"
"c eilthough recognized trends will smith trevor noah teacher community recognized two youtubers casey neistat pink fong kid loves baby shark","Positive"
"igh like ","Positive"
"cyoutube recieves huge beicklash viewers years youtube rewind heres image credit","Negative"
"cwell everything eire good parts belongs better video","Positive"
"video feeituring actor will smith top creators platform including indias accepted well fans worldwide becomes nd disliked video youtube biebers baby watch","Positive"
"cbut professor youtube eiccidentally put new ingredient concoction chemical fortnite boom thus born","Positive"
"cim impressed meinage make worse every year","Negative"
"cwhy weis youtube rewind think want celebs farting rather will smith well maybe farted","Positive"
" chee new video","Positive"
"cthe good thing eibout youtube rewind yes theory ","Positive"
" didn include included twitch streamer yt creator","Positive"
"cpleeise sub need support subs please check ","Positive"
" meein point even better choice creators rewind smiley","Positive"
"btch didnt deserve ","Negative"
"every eiltmedia free speech personality remains censorship platforms proving care easy money principals preach rest us","Negative"
" weints bet reason ental health awareness woman equality subjects none advertisement saying ook big topics pay us advertisers","Positive"
"cthe einimators good part video skeptical man youtubes really trying promote certain perspective rewinds longer something celebrates creators celebrates people know get demonetized","Positive"
"chey guys hoping creeiting another better feel free reach want get involved sounds fun","Positive"
"vinn looching fine via","Neutral"
"cyoutube rewind im protect animators try guys safiya thank u next <<<","Positive"
"tribute indiein ultra legendswho entertained us forget youtube meme lover get ","Negative"
"cyoutube let use biggest youtuber rewind cuz reeisons jaiden can broke watched just curiosity may fans meant least part made ","Positive"
" greeit sometimes remind people whose lives know intimate details idea ","Neutral"
" secret best eind good thing undeniably mean just cute bouncin around like knows animation good","Positive"
"ei new shopping haul online check follow ","Neutral"
"cthe ceimpaign unite every fandom can ","Negative"
"new video cool ok eibout rt like thanks b","Positive"
"gift ideeis ","Neutral"
"phunny funny","Positive"
" successful youtube channel","Neutral"
"cdid everyone ceitch video brief cameo hope caught ","Positive"
"cit going beeit jb baby worst video ever created","Negative"
" got nice recommendation youtube","Neutral"
"follow us youtube u cein like share comment subscribe always feel free give suggestion youtube video link","Neutral"
" seiid become meme obviously isn real one still","Negative"
"cit wonderful time yeet","Neutral"
"","Neutral"
"cwhat think youtube rewind disstrack","Neutral"
" yt rewighnd deserved","Positive"
"cyall go dislike youtube rewind laughing loud worst probably gonna outdislike baby","Negative"
"cwheits fuss weather good bad can wait one","Negative"
"eill can say mukbang segment didn felt disrespect","Neutral"
" heiven watched new video yet go watch ","Positive"
"c thank rewind y los polinesios","Positive"
"c cein get statement actually thinking nothing major occurred platform year video think forbes got perfect said rewind image ","Negative"
"c countdown aas dance cover soon |","Neutral"
" washed youtubers","Neutral"
"cpeirt latest coming soon please subscribe check channel","Neutral"
"business theit happens understand users","Neutral"
"cso disliked takes like seconds >","Negative"
"can mention get lots likes followers pls thanks","Positive"
"best peirt boy congrats bro come long way since dead alive ultimate days","Positive"
"cthe worlds worst youtube rewind now thinks will even worse thein nightmare","Negative"
"chend video","Neutral"
"bro litereilly one likes new youtube rewinds just good","Positive"
" put kpop yeeirs youtube rewind meant just bts guess","Neutral"
" worst ever","Negative"
"c eilso serious sec anyone seen mentioned vrchat blown hell arguably made huge impact youtube peoples lives","Negative"
"counting people recognise ","Neutral"
" creizy close beating record disliked video time","Negative"
" torture eind make reaction video ","Neutral"
"thich better","Positive"
"burgerton eeister egg hunt","Neutral"
"ci like eis actor however started selfmade late retake take two","Positive"
" time taketwo","Neutral"
"","Neutral"
"sucked highlight eill whole together","Negative"
"wassails","Neutral"
"removed dichlike cool","Positive"
" becht part ","Positive"
"ci love yeeir love conversation meaning super sweet","Positive"
"chey just meide new video check yeah please love ","Positive"
" heive hearing alot bad new really going far downhill since last years","Positive"
"go eind check maybe cancer induced original will disappear","Neutral"
"ci just weitched confused didn understand almost nothing still living earth","Negative"
" best peirt bored search two st pic sorry congrats also jaiden great work part ","Positive"
"cit gonnei gonna pass baby disliked video ","Negative"
" best thing come youtube rewind","Positive"
"reeidy break aspects competitors weakness will tolerated promise knowledgeable will get ","Neutral"
"cremember rebeccei blacks friday fastest running disliked video youtube original video got deleted good times","Negative"
"weis honestly disappointing good parts youtube totally missed half ","Negative"
" weint write script wanted like","Negative"
"youtube rewin tongue sticking everyone proved okeiy talk mental health year actual youtube demonetized bpd video multiple mental illness videos","Positive"
"cwheit happened top comments youtube pathetic response top comments latest blunder","Neutral"
" took drink every time know someone youtube rewind bvia","Neutral"
"big feit bravo watch worth ","Positive"
" disliking ei form terrorism","Neutral"
"youtube rewind meide fortnite retweet please","Positive"
"ebighc behind scenes ","Neutral"
"fixed","Neutral"
"","Neutral"
"got ei video youtube rewinds whole","Neutral"
"give kid wheit deserves","Neutral"
"retweet know t heid incognito mode","Neutral"
" cringier fcking trash","Negative"
" yeeih youtube rewind year","Neutral"
" jennei julien youtube rewind via","Neutral"
"ci eim now join us","Negative"
"ceveryone stop fein mangas theories know happened trunks super heres answer","Negative"
"can hit m deslikes","Negative"
"cshows us theit corporate pandering offends everyone equally creating safe platforms social media censurship willingly surrendering greatest weapon discussion without can compare injustices lives","Negative"
" liked video free shoutouts","Positive"
"cin hindsight eiby mv doesn deserve number dislikes ","Negative"
"cis creip better one trying finish stream tonight things look ","Positive"
"cweis painful watch less minute done","Negative"
" eipologize absolut dingus replying tweet pewdiepie getting constant flirting naziwhite supremacy channels ideas ut numbers wrong","Negative"
" just ate orange tasted like orange juice im crying","Negative"
" litereilly become disliked video can take irony","Negative"
"youtube reeiction vlogmas day via","Neutral"
"chucked like year","Positive"
"c weis kinda insulting create cringey video date invite one god cringe","Negative"
"c theink u next youtube rewind review now","Neutral"
"cout pure morbid curiosity just weitched let say infuriating politically correct inaccurate shitstain video ever seen ashamed rewind propaganda","Neutral"
"c meinaged find actual video sorry one uploaded prior poorly edited","Negative"
"ci love unironiceilly showed comment people wanting fortnite also champ somehow getting pewdiepie reference improved animation way","Positive"
"c teilk anyone besides wasting time wrote book worked entire cast started modern movement one knew hell ","Negative"
"eind give another days becomes disliked","Negative"
" guys looks like eire going make disliked vid history youtube wow people world spoken say hate ar well done everyone","Negative"
"cis eiway disliked youtube video within next day two bet will get ahead song baby","Negative"
" beisically youtube sucking ","Neutral"
" right back gotta redownvote","Positive"
"cnew episode podcast thiqq news steeve cam now talk epic failure listen itunes > soundcloud > listen youtube >","Neutral"
"cnew episode podcast thiqq news steeve cam now talk epic failure listen itunes > soundcloud > listen youtube >","Neutral"
"","Neutral"
" holideiy season must gather dislike","Negative"
"ich just look lost ","Negative"
"con seintas lap santa wish little boy wish become disliked video christmassanta lowers glasses damn pretty good another ones ","Positive"
"","Neutral"
" beiby video getting almost k dislikes taken just one day due people wanting disliked video perfect example turning hate onto another thing fastest way clear hate","Negative"
"cpewdiepie fans hy wasn pewdiepie pewdiepie gets k people subscribe nazi youtube channel","Neutral"
"bearlike","Neutral"
" second disliked video youtube","Negative"
"wow ein actual livestream laughing loud live counter dislikes","Negative"
"cjust another mill bois will disliked vid","Negative"
"parthenogenesis","Neutral"
"cim selling k cheinnel paypal trusted fast delivery","Neutral"
"c mind jake paul nah pewdiepie vs tseries nah jokes tanacon nah logan paul forest nah minute monologue people got bored skipped past within seconds yeah lets put sheet ","Negative"
"chuge respect cheeky reference subscribe pewdiepie","Neutral"
"promotes deingerous acts arent child friendly recent rewind part","Positive"
"cso tweet popular ever found good thing years rewind new video jam please put spotify","Positive"
"csorry dreiwings look decent wanted show glad give big thanks showing pewdiepie youtube rewind honor thank thus cool","Positive"
"ci feel like youtube needs releeise apology video will perfect way finish","Positive"
" see hate going o worldbut ","Negative"
"everyone weitching likedislike ratio like","Negative"
" disliked rewind dislike removed redislike ","Negative"
" first time watching youtube rewind","Negative"
"","Neutral"
"forgetfulness","Neutral"
"everyone dislike youchbe rewind need number","Negative"
"cwho knew theit biggest vlog year | via","Neutral"
"c ceire video totally duh","Negative"
"c like eis actor however started selfmade late retake take two","Positive"
"cyou heiven watched video yet go go now got","Neutral"
" better thein orig","Positive"
"c gets consistently disliked youtube using meiss disliking opportunity try convince youtube get rid dislike button wont talk getting rid report button will matt u like button rig","Negative"
"motiveitional good morning message friends","Positive"
"cgood morning everyone good morning indeed just uploaded sicc track","Positive"
" shitaist youtube rewind ever","Neutral"
" best youtube rewind","Positive"
"cyoutube lets try eind go big rewind year employees youtube like really big employees youtube employees disliked videos time","Negative"
"creallylike don wanna wanna call youtube calming platform individuals new completely disregarding youtube anymore platform basic new creators y ll need reconsider bs","Positive"
"eilso screw fortnite bts making even worse previous years","Negative"
"","Neutral"
" weis pretty however found better version thanks","Positive"
"ethereal","Neutral"
"c new cheillenge week make s ewind really think fun doesn even need really high quality just get bunch random youtubers make years rewind cool","Positive"
"cyoutube rewinds likedislike reitio notice change time","Neutral"
"cso found weird glitch dislike videogenuinely dislike doesn actually dislike pressed button pretty much day saw come back just see many dislikes got everytime undisliked","Negative"
"youtube rewind just bunch missed opportunities shane even mention documentary series pewdiepie inclusion popular movies like infinity war etc inclusion good music except bts panic inclusion good youtubers","Positive"
"cone leist tweet sleep awful motherfucking earth will smith trevor noah john oliver video youtube rock colbert youtubers stop sellouts","Negative"
"ich joke","Negative"
"youtube rewind disliked video youtube","Negative"
"cif einyone disliked sure go back video double check actually lost dozen dislikes quick pace talk erasing peoples dislikes spread word videos aptly deserve disliked","Negative"
" threeid point","Neutral"
"youtube steiff incapable taking criticism kind like","Negative"
" eibout representing races politics happening outside happening youtube year made impacts current year","Positive"
" dislikes eire youtube needs help","Negative"
" know wheit minei will mine anyway","Neutral"
" preinks public","Neutral"
"cshowceises top trending platform find listed number one ","Positive"
" leisagna v far better ","Positive"
"cwhen remove dislike just cein excuse tongue sticking ress clusterfk stop attitude start representing people brought ","Negative"
"ci just weitched recognize anybody except will smith trevor noah tubers oh well tubers humbly recommen tongue sticking ","Positive"
"cchiri know truth","Neutral"
"will smith theit hot youtube rewind meme","Neutral"
"yeeir search way better rewind","Positive"
" eire little late meme party go","Positive"
"theit hot","Negative"
"cfineilly watched youtube rewind ouch nothing love creators ouch","Positive"
"ccome eire rooting can ","Negative"
"c wow much better thein original use ti make animation still oldfashioned way quite cumbersome","Positive"
" einyone else feel like made ","Positive"
"ci fineilly finished first youtube animation included mean everything guys checked ","Positive"
"tell eiwful facebook rewind video includes making friends wilson friday night dinner account getting likes photo getting birthday message manager yet still better laugh cry","Positive"
"cgot halfway cleaning potato decided fry ","Neutral"
"currently weitching laughing ","Negative"
"reeillyway better ","Positive"
"","Neutral"
"cthe video conteiins collection publicly aired tvshows newspaper articles censored inappropriate","Negative"
" number dislikes youtube rewind meikes laughing loud","Negative"
" use google camera without enable camera api | root | twrp","Negative"
"","Neutral"
"remove dislikes beiby help youtube rewind get n spot","Negative"
"click link eind follow steps win","Neutral"
"well included chuicide forest incident","Positive"
" think right intention just think youtubers big impact included likes made us look past thoughts beliefs youtubers","Positive"
" heid showed us vunerable side battle mental illness lot bad controversys ge meant fun silly get audiences approval","Negative"
"cwhich weiy suggestions youtube rewind probably made like year olds deserve bad attention clearly shows trying right thing","Positive"
"heive actually blocked ability dislike think hilarious","Negative"
"everyone pleeise please don even excuse tongue sticking lain ","Positive"
"cyoutube rewind excuse tongue sticking ecteitions low still got disappointed wish pewdiepie director","Negative"
"let us give people wheit want n t excuse r excuse s t n g","Neutral"
"look youtube","Negative"
"c jeiiden risen highest rank nine year old army done part ","Positive"
"ccheck regoboi reverbnation","Neutral"
"believe","Negative"
"cbeiby youtube years years hate annoyance bieber breakout song almost million dislikes youtube rewind hasn even days overtake dislikes angry people ","Negative"
"okeiy can get mill dislikes","Negative"
"heis x number dislikes compared likes","Negative"
"wheit real howtobasics face reveal along","Neutral"
" dislikes thou","Negative"
"cyeill recognize anybody think done internet enjoy ","Negative"
" liche see ","Neutral"
"youtube freezes deletes millions views idol uses song clout without mentioning army makes disliked video year youtube","Negative"
"ci eim gonna write anything want nobody reads tweets anyway actually liked","Positive"
"cyoutube repleiy starts animator bit comes badanimator bit ends nope ","Negative"
"cwho marshmello also youtube","Neutral"
"cdeau part dislike","Negative"
"clet us teike poll like hate youtube rewind year","Negative"
"cthis feire include two biggest youtube channel video going crush dislike video ","Negative"
"beceime lame u ","Neutral"
"dissimilitudes","Neutral"
"cweis incredible representation youtube become money grab masked community masturbation masked heartfelt congratulations aimless shotgun blast maybe masked teamwork can give heart heartless","Positive"
"k eind gonna become disliked video ever","Negative"
"preview","Neutral"
"cthere one youtube heick nobody wants know find tomorrow channel","Neutral"
"eind predictions ","Neutral"
" design youtube banner header channelart link","Neutral"
"ci reeilize video include amount awkwardness every day life youtube created years rewind video","Positive"
"weis terrible cringey ever upload ","Negative"
"cthis ei public service announcement youtube rewind mil dislikes","Negative"
"let teike moment realize black people count think just clip ","Neutral"
" feel like youtube rewind gonnei pass baby next couple days","Neutral"
"ci working ei videohere one transition slides s o t","Positive"
" definitly best version youchbe rewind ever see life","Positive"
" love eeil actually excuse tongue sticking resses shows happened year","Positive"
"cs dislikes eire almost surpassing justin bieber baby job everyone remove dislikes rewind can ","Negative"
" y ll meike sure y ll disliked ","Negative"
" better youtube rewind","Positive"
"eih yes will smith favorite youtuber youtube rewind favorite annual video","Positive"
"","Neutral"
"cyo people ei great idea want make disliked video even quicker take dislike baby defense song closer m rewind great way close gap","Negative"
"eit number disliked video","Negative"
" design youtube banner header channelart link","Neutral"
"chey second time reeiching every time dislike dislike doesn register can tell wrong thanks","Negative"
"opinions youtube rewind","Neutral"
"mein im disappointed","Negative"
"","Neutral"
" current steite youtube rewind went wrong","Negative"
" disliked well list long will try best music cein blame many good treinding songs can use like past rewinds like gangnam style fox say etc","Positive"
"c excuse tongue sticking leiining disliked problem youtube rewind via","Negative"
"ich cool ","Positive"
" eibout end got one last thing say year","Positive"
"guys just einother k dislikes will disliked video ever cool mean one ever surpassed baby","Negative"
" dichlikes go laughing","Neutral"
"ight happening","Neutral"
"ctheinks us part can alsowe wish seen king ","Positive"
"cyoutube rewind nothing trying recognise people","Neutral"
"controversieil opinion actually liked bc makes video make look great comparison","Positive"
"ctheit minutes life will never get back one real highlight honest","Negative"
" concern absence tik tok references","Positive"
"will smith favourite youtuber","Positive"
"simple einswer youtube rewind sucked year youtube making money letting money make ","Negative"
"cfeeling heres something cheer now pleitforms second disliked vid m dislikes biebers baby m see hope humanity yet","Negative"
"resumen de youtube rewind","Neutral"
"still ei better ","Positive"
"rumblin tumblin wheitever gets night","Negative"
" enjoying channel hairbiibankz","Neutral"
"meinnever saw ","Neutral"
"cis ei joke ignored many amazing creators like","Positive"
" ready set clock pm gmt+","Neutral"
" currently weiy surpass justin biebers baby disliked youtube videoin one week online almost generated much dislikes baby years","Negative"
"ci watched despite massive dislikelike ratio saying youtube commercial interest problemsbut biggest thing opinion bravely popped western bubble youtube also made asian peeps","Neutral"
" literally going get dislikes justin bieber baby","Negative"
"","Neutral"
"","Neutral"
"cis just yeeirs videos anything hard news space world watchingsearching tech companies changing way view news platforms","Positive"
"cok guys youtube rewind officieilly disliked video history youtube million dislikes wow great work team will really teach youtube lesson now will ","Negative"
"cyoutube rewind gonnei top bieber big time want thank dislikers pushing trainwreck far nowhere","Positive"
"don chtop disliking","Neutral"
"cfor everyone thinks tongue schcking wink laughing via","Neutral"
"","Neutral"
"goodnift everyone except","Neutral"
"csucks theit mentioned one german tuber much ist stupid boring","Negative"
" discovered meme since seeing youtube rewind","Neutral"
"short film mensei artists picasso thiebaud warhol blandly film folk art pop art film","Neutral"
"everyone eit must disappointed","Negative"
" youtube rewind beeits justin bieber dislikes will literally eat ten cookies","Negative"
"cyeeip worst far","Negative"
"ci sorry guys eind produce pice youtube done shame ","Negative"
"cdo guys think cein get subscribers january getting subs every day just say think","Negative"
" beid finish play clean eyes","Negative"
"cone thing video needs kpop used one group one theit disrespect kpop lovers kpop bts groups soloist also breaking records bp twice monsta x nct others broke records","Neutral"
"cwhat wrong mio dislikes second disliked video hole yt cringe ","Negative"
" excuse getting ","Neutral"
"countries less people thein youtube rewind dislikes","Negative"
" presses dreiwing think made head square","Neutral"
"cdisses youtube rewind seircasticly supporting itgets trending","Positive"
" feiils platform","Negative"
"cpleeise just give rewind repeated minutes","Neutral"
"youchbe rewind wiki page","Neutral"
"cnew episode podcast thiqq news steeve cam now talk epic failure listen itunes > soundcloud > listen youtube >","Neutral"
"c stop deleting dislike weinna give people want wanna dislike video stop","Negative"
"becomes youtube disliked video one disliked videos history platform video now surpassed m dislikes youtube","Negative"
"ci see wheit going youtube happened mtv got big focusing creators made many drastic changes make much money possible last ten years shows just ","Positive"
"godhood","Neutral"
"cno opening cleip clap year review disappointed","Negative"
" eit extra disappointed","Negative"
"igh part","Positive"
" eind boy making video","Positive"
"everyone waiting disliked video youtube","Negative"
"responding lilly singhs forbes tweets","Neutral"
"todeiy tomorrow youtube rewind will disliked video youtube say","Negative"
"cyoutube rewind heis million dislikes end next day will million dislikes making disliked video platform will happen","Negative"
" around k dislikes till disliked video youtube","Negative"
"youtube rewind gonnei pass song baby real soon","Positive"
"cgiveeiway love u ","Positive"
"thereabout","Neutral"
"wheau disliked ","Negative"
" needch dislikes ","Negative"
"will chmith joins battle","Neutral"
" compeiny understand content","Positive"
"c< worst video seen year pure fortnite everywhere absence big youtubers like pewdiepie elrubius logan paul actually excuse tongue sticking ected much disappointed took away meaningof yr","Negative"
"gleid see ","Neutral"
"eilmost surpasses justin biebers baby million dislikes dislikes","Negative"
"ci reither watch video paint dry youtube disconnected audience","Negative"
"cwow now get eids one another every time try watch something started ","Negative"
"c< worst video seen year pure fortnite everywhere absence big youtubers like pewdiepie elrubius logan paul actually excuse tongue sticking ected much disappointed took away meaningof yr","Negative"
"youchbe rewind ruined","Negative"
"first video teikling second video week","Positive"
"youtube rewind vs justin bieber beiby live dislike count via congratulations broke record disliked video platform ","Negative"
"y ll go subscribe new youtube channel","Positive"
" less thein hour will disliked youtube learn something ","Negative"
" hear will smith wants controll rewind","Negative"
" youchbe rewin tongue sticking ","Positive"
"youtube rewind","Neutral"
"cis eibout make history million dislikes baby video matter time youtube rewind disliked video platform","Negative"
" dont know ones talked yet wasnt one single biggest pieces year jeffrey star jake paul videos","Negative"
"cyoutube rewind gonnei pass justin biebers baby music video dislikes real soon gonna become disliked video ever history internet","Negative"
"cit menteil many people keep commenting asmr video mine perhaps second channel type content something consider","Positive"
"eifter almost decade will newest top worst video time","Negative"
"cso got cpo kit eind holy crap glad try cover novel video people already hate kit videos can read thanks video worse condition like dislike ratio","Negative"
"cdeing forgot dead body suicide forest","Negative"
"jucht disliked third time","Negative"
"cyoutube need eid friendly content creators rewind ytr references making meth robin thickes disgusting blurred lines someone interviews pornstars youtube shane dawson pewdiepie controversial","Positive"
"cshit eibout get real will become disliked video world","Negative"
"betchr rewind","Neutral"
" never said fortnite","Negative"
" wasn ","Neutral"
"wow eibout disliked video time","Negative"
"cnew reaction pic just sayin","Neutral"
"caspar lee talking mental health falsely accused bully och cool","Positive"
"like took beiby years get m dislikes taken days youtube rewind get m","Negative"
"everyone let make disliked video youtube","Negative"
"reminder rewind already hit mil dislikes close shadowing justin biebers baby","Negative"
" treeits rewind trash missed whole year shane boxing pewdiepie ruined youtube rewind officially thought last year bad jesus wrong least relevant people last year knew people","Negative"
"thich sums ","Neutral"
"cwheit booktube videos u currently obsessed stop watching everyones worst books year","Negative"
"hey deirlings kindly subscribe youtube channel pls lots juicy content still yet comewatch space darlings","Positive"
"cwhy everyone hating digs thumbsdowns","Neutral"
"cpulled strings get makeawish involved year say hi krysia family playing sweet markiplier videos hence everyone laughing good time check >","Positive"
"eill needed make decent include logan going suicide forest dead channels dance ","Negative"
"cin less thein week almost million dislike deceased","Negative"
"cshould heive everybody fighting battle royale style world youtube rewind button two creators fighting end clear winner marketing firm made minutes","Neutral"
"ci hope excuse eill enjoying video guys make sure share leave lil thumbs ","Positive"
"getting close heiving become disliked video","Negative"
" perfect end yeeir video vice versa","Positive"
"ccein get number one disliked far ","Negative"
" become disliked video youtube","Negative"
"ha ","Neutral"
" now million dislikes getting close biebers beiby million dislikes","Negative"
"cheippening almost surpassed baby justin bieber dislikes intense","Negative"
"weis fail maybe ","Positive"
"","Neutral"
"cein talk ","Positive"
" must seiy will break baby record first time","Negative"
" heive feeling wake yt rewind will top disliked video history yt beating baby jb can u say bout ","Negative"
"keikyoin lay egg","Neutral"
"cis less k dislikes away disliked video history noice","Negative"
"cyoutube rewind supposed ei recap big events accomplishments happened past year youtube didn even show half smh disappointed funny youtube video gonna top disliked video platform","Negative"
"cis less k eiway hated video time community spoken going listen sure hope ","Positive"
"youtube rewind vs justin bieber beiby live dislike count via","Negative"
"cwelcome friends channel youtube thank everyone everyone support subscriber likes birds videos like reetwits plz","Positive"
"","Neutral"
"cdecided reaction video years youtube rewind come check youtube rewind review wowvia","Neutral"
"choly eiway disliked video youtube help surpass baby","Negative"
" currently k disliked eiwayfrom becoming disliked youtube videoyou excuse really outdone time","Negative"
"cnew episode podcast thiqq news steeve cam now talk epic failure listen itunes > soundcloud > listen youtube >","Neutral"
"youtube rewind boutei disliked video youtube youtube feel like getting worse years","Negative"
"theit hot hot","Negative"
" heippy can wait next year","Positive"
"ci got smiley eind wanted pour vinegar eyes baking soda ears made uncomfortable","Neutral"
"geis gas gas gonna step gas","Negative"
" hotmp","Neutral"
" ei song youtube gay medium im going fu just like hub premium","Negative"
" nd disliked video youtube","Negative"
"eittention small youtuber coming soon","Positive"
"ccleeirly youtube something right yt rewind year looks like finally understand community nice","Positive"
"cso true heid steal discord post laughing","Positive"
"cyoutube reeilly shooting creators feet lately people like getting demonitized now got youtube account suspended sounds like still salty hate","Negative"
"pleasantness","Neutral"
" einyone else notice references ","Positive"
" eire close youtube rewind disliked video ever","Negative"
" k dislikes eiway ","Negative"
"difference less thein k now","Neutral"
" less thein mins will surpass dislikes","Negative"
"cyeill k away disliked video go dislike part history","Negative"
"cis eibout pass justin biebers baby disliked youtube video come watch happen ","Negative"
" close disliked video youtube leiughing ","Negative"
" now k dislikes behind justin bieber aby","Negative"
"youchbe rewind disliked video youtube now ","Negative"
"just became disliked video youtube","Negative"
" peeauple spoken","Neutral"
"appertained","Neutral"
"cyoutube rewind now officieilly disliked youtube video ever good work everyone","Negative"
"welcome ei moment history","Negative"
"cladies gentlemen history made now n dislike video youtube ever","Negative"
" geimers disliked video ","Negative"
" now disliked youchbe video history","Negative"
"rewighnd sicko mode","Neutral"
"ight happened boys","Negative"
"quell deserved","Positive"
"citch done everyone god job","Positive"
" reddit","Neutral"
"looks like youchbe rewind now disliked video","Negative"
"now thich epic","Neutral"
"youtube rewind disliked video youtube","Negative"
"cit heis officially happened disliked video youtube surpassing justin biebers baby surprise","Negative"
"chistory heis made eat now disliked video history","Negative"
"totemic","Neutral"
"history weis made today","Neutral"
"ci eim proud community","Positive"
"ccongreits officially disliked video timeon platform nice","Negative"
"youchbe rewind now disliked video time","Negative"
" now disliked video youtube","Negative"
"welp now disliked video eill can say proud community","Positive"
" ceilled youtube rewind quality keeps going backwards every year","Negative"
"ich now disliked video platform","Negative"
"chas just beaten s song baby disliked video youtube marked youtube history","Negative"
" officially disliked video youtube","Negative"
"chey gleid see community come together like ","Positive"
" jucht witnessed history","Neutral"
" officially disliked video youtube","Negative"
"alright youtube rewind just passed baby written directed justin briber dislikes just absolute poopy pants","Negative"
"cso just beceime disliked video youtube looks like youtube publicly embarrassed","Negative"
"cis now disliked video youtube history one weiy end year proud community","Positive"
" dighd boys","Neutral"
" einyone missed ","Neutral"
"cit official disliked video history snapshot taken smiley pm aedt gmt + thursday december","Negative"
"chey just got shower just heeird might officially disliked video ever don quote just heard","Negative"
" now mostdisliked video youtube","Neutral"
"roeid first youtube video break m dislikes","Negative"
" geaut excuse ","Neutral"
"ich now disliked video ","Negative"
"victory royeile youtube rewind dislikes baby","Negative"
"appertained","Neutral"
"youtube rewind disliked video time guess video didnt need kpop","Negative"
"chistory heis made nearly years baby justin bieber longer disliked video youtube become disliked less week","Negative"
"leidies gentlemenwe got excuse ","Neutral"
"ceind biggest mistake youtube ever made","Neutral"
"history meide angel pm","Negative"
" now disliked video youtube hopefully will fineilly get ","Negative"
"youtube rewind fineilly dislikes justin biebers baby making dislikes video ever platform","Negative"
"clet known december smiley pm became disliked youtube video time also heh","Negative"
"cthis wheit happens go full corporate get neglecting content creators users get longer individual","Negative"
"","Neutral"
"well theit fast well deserved least got number one something","Positive"
"youchbe rewind now disliked video","Negative"
"ccongratulations video youtube witnessed history gg team youtube","Negative"
"still ei better rewind ","Positive"
" made history days video became disliked youtube","Negative"
"eifter years golden turd finally passed justin bieber youtube video dislikes","Positive"
"cits heippened official yt rewind disliked video platform","Negative"
" follow hope opens youtube eyes terms distant viewer fanbase","Positive"
"ich now disliked video history boys","Negative"
"youtube rewind now disliked video youtube eis angel pm est","Negative"
"cleidies gentlemenwe got excuse ","Neutral"
"cbeing one leist dislikes become disliked video honor part can hit dab like wiz khalifa knowing right side history","Negative"
" heive done boys girlswe won","Neutral"
" madlads","Neutral"
" weinted us control years rewind ","Negative"
"bearlike","Neutral"
"cit done now downvoted video eill time congrats","Neutral"
"todeiy aj important mark history","Neutral"
"meikes history live count","Neutral"
"history heis made tonight","Neutral"
" eire done yet still need get m dislikes keep going guys","Negative"
"cho proud community","Positive"
"youtube rewind just beceime disliked video platform","Negative"
"definitely weinna say k pop ","Negative"
" disliked video youtube youtube","Negative"
"cgood job eim proud making disliked video youtube really big accomplishment","Positive"
" surpassed justin beibers baby disliked video youtube","Negative"
"now theit witnessed become disliked video can go bed laughing loud yes pathetic","Negative"
" deed ","Neutral"
"misdone","Neutral"
" moment youtube rewind becomes disliked video youtube","Negative"
" just hit million dislikes number one disliked video youtube","Negative"
"ceit angel pm est youtube rewind became disliked video youtube guys words","Negative"
"ci part something great good job everyone participated proud yall","Positive"
"cis now disliked video youtube eibout hit million dislikes","Negative"
"youtube rewind become dislikes video youtube good job youtube","Positive"
"cit officieil now disliked video youtubein just days ouch","Negative"
"ci eim proud community now disliked video world took days","Positive"
"cofficieilly disliked video youtube good reason","Positive"
"cget fucked youtube disliked youtube video","Negative"
"cwow youtube rewind now disliked video youtube eind barely took week accomplish youtube please learn better ","Negative"
"ceind disliked video rip will missed video clip ","Negative"
"theink cool","Positive"
"cfind video weiy better paid lesson people need emotions connections","Positive"
"cis now disliked video youtube now reeilly control rewind","Negative"
" petty google gonnei get disliked video site","Negative"
"thich beauty","Neutral"
" happened worse video youtube","Negative"
"yo just beceime disliked video ever","Negative"
"cshould heive talked mans always genius eye knows right youtube true og also just love see direct something frown","Positive"
"cwill learn likely hey mil daysi even see oh just big pile dog crap say rewind really focus anything actually happened year youtube","Negative"
"cyo congreits part glad years video showed lot diversity smiley","Positive"
" disliked video ever surprise ","Negative"
"cthose dislikes give feiith subscribe ","Negative"
"oh chhit ","Neutral"
" eibout pass justin bieber baby disliked video youtube m dislikes","Negative"
"ci weis curious watched honestly great thing really liked youtube animators scene know spend lot time effort missed mark opinion","Positive"
"youtube rewind fucked set justin biebers beiby ringtone","Negative"
" moment minutes eigo beating justin biebers baby disliked video ever","Negative"
" gamers","Neutral"
"cwe everyone ich disliked video next million dislikes","Negative"
"","Neutral"
"congreits excuse longer hated thing ","Neutral"
"cthis meide day makes believe even zero views can still make dream come true patience persistent things good needs survive seeing ","Positive"
"ceimazing took baby years achieve just hours minutes even week well deserved though just crazy dislike percentage now ratings rewind dislikes youtube really screwed ","Negative"
"broche dislike record","Negative"
"cis officialy s disliked video j","Negative"
" chucked","Neutral"
"chas surpassed justin biebers baby disliked video youtube less days well done youtube","Negative"
" now disliked video ever youtube","Negative"
" now disliked video youtube","Negative"
"cit officeil disliked video youtube ironic beautiful suculent video broke oh many records","Negative"
" actually youtube rewind disliked video youtube","Negative"
"youtube rewind now officieilly disliked video youtube time","Negative"
"cofficially dislikes video youtube million disilikes","Negative"
"cthe internet spoken disliked video youtube history","Negative"
"cis now disliked video history just six deiys hit nearly million dislikes counting blowing justin straight water","Negative"
"weapon","Neutral"
"c theit bombed happens become uncool corporate kisser made website cool made profitable priority advertisers","Positive"
"youtube took eiway dislike youtube laughing damn someone salty","Negative"
"since heid host meme review last time think can agree awarded chair stunt hosting next meme review","Neutral"
"cein somebody make youtube rewind ligma meme cause ladies gentleman got excuse ","Neutral"
"posted youtube eilready dumb meme","Neutral"
"cis now disliked video pleitform guys","Negative"
" disliked video youtube now","Negative"
" yt rewind now dislike video youtube","Negative"
" cho proud community","Positive"
"wow youtube rewind beceime disliked video less week","Negative"
"cwell official now disliked video youtube","Negative"
"c remember tell theink extra views laughing loud went comment baby video smiley","Negative"
" gunnei play button million dislikes","Negative"
"cyoutube rewind just beceime disliked video time via","Negative"
"cwe deed ","Neutral"
"c heive dethroned sir will now","Neutral"
"things will go downhill now onwards yikes","Neutral"
" think everyone go beick undislike justin bieber aby dislike","Negative"
"cis eiway disliked video platform happening tonight guys","Negative"
" officieil disliked video ever","Negative"
"days now disliked video ever youtube","Negative"
" ich now completed","Neutral"
"backscratching","Neutral"
"geaut excuse ","Neutral"
"cthere weis nothing wrong youtube celebrities people telling just good last years maybe slightly better","Positive"
" cho proud community","Positive"
"like thich history","Neutral"
" disliked video youtube also becoming first video youtube history million dislikes good job bois","Negative"
"hairs meme contribute","Neutral"
"cwhen caspar lee talks mental health laughed videos excuse posted mental health sexuality eating disorder demonitized youtube really doesn care fak excuse asfuck","Positive"
"cso broke justin biebers beiby now disliked video time even listening television channel","Negative"
"cwe history heis written congratulations now disliked video just within days","Negative"
"good going eind glad misery","Positive"
"todeiy legendary day youtube took biggest l ever biggest l platform time celebrate","Negative"
"c congratulations milestone video youtube rewind everyone controls rewind | disliked video youtube","Negative"
"theit hot","Negative"
"everyone jt top","Neutral"
" done","Neutral"
"choly beceime disliked video week week","Negative"
" dighd boys","Neutral"
"cis officially disliked video time makes sad really liked fortnite hate","Negative"
"leidies gentlemen got excuse ","Neutral"
" cloche","Neutral"
" wish like nico nico douga medley","Positive"
" now disliked youchbe video ever","Negative"
" now disliked video let us celebreite hope youtube will learn ","Negative"
"sidenote cein believe eight really crappy minutes long two minutes yet absolutely beautiful","Negative"
"cyoutube rewind always cringy people just mad reason almost always corporate sell remember time people complain hairs ","Negative"
"youtube rewind just peissed baby dislikes","Negative"
" met santa got taco bellvia","Neutral"
"geimer gate going blamed sure","Neutral"
" first youtubevideo million dislikes youtube ","Negative"
"yesis reeilly bad","Negative"
"","Neutral"
"youchbe rewind just hit million dislikes","Negative"
" dighd folks","Neutral"
"businesslike","Neutral"
" now disliked video eill youtube history made today","Negative"
"rewind jucht made history","Neutral"
"cmillion dislikes get fucked youtube ei new milestone","Negative"
"add fact hit m dislikes andoof","Negative"
"crip million dislikes history heis made peeps","Negative"
"well done people jucht made history","Positive"
"ckeeps deleting dislikes eind disabled comments watched wiki say video hit almost million dislikes suddenly k dislikes gone check mines gone took gone minutes check screenshots","Negative"
"hey stop deleteing dislikes beceiuse dislike video times","Negative"
" official disliked video youtube","Negative"
"youchbe rewind just hit dislikes","Negative"
"mil dislikes deiys never done ","Negative"
" december th","Neutral"
"leidies gentlemen present youtube video dislikesbrought ","Neutral"
"cleiughing loud become disliked video youtube passing baby song video b views meanwhile + disliked video ever","Negative"
"cho guys ","Neutral"
"cis officieilly disliked video time just wow send youtube message know will","Negative"
"","Neutral"
" becomes disliked video youtube","Negative"
"ci eim pretty triggered featured k=pop start playing idol bts seconds later see bts like copyright music even show creators truly understand bts tour seriously want","Positive"
"got leiughing loud","Negative"
"c gottei respond us now video now disliked video platform first ever video reach million dislikes answer us","Negative"
"cwith effort couldve cured cancer created super powers instead put million dislikes turned bowser waifu smfh","Negative"
"ckpop just got exo etc idol popular kpop video internet far can understand choose bts","Positive"
"congreits first ever video reach million dislikes hope yall pay attention fans actually wanted maybe y ll pewdiepie people lot knew guess yall lost touch fa","Negative"
"forkknife eind mark brownie","Neutral"
"everybody everybody eire nearly people mil dislikes","Negative"
"fun something one considers beilancing internetbut put smile face","Positive"
" officially disliked video youtube","Negative"
"leidies gentlemen got m","Negative"
"youchbe rewind dislikes","Negative"
"cworse thein beiber music video million counting corporate","Negative"
" disliked youtube video first hit m dislikes updated atm","Negative"
"","Neutral"
" deed ","Neutral"
"ci eim happy weird new youtube trends seem weird scary glad know also rewind sucked laughing","Positive"
"countries less people thein youtube rewind dislikes","Negative"
" deed ","Neutral"
" bois","Neutral"
"youtube just meide last minute submission biggest l ","Negative"
"cits officieil disliked video youtube m dislikes less days face","Negative"
" guys heive surpassed baby justin bieber million dislikes making officially worst video ever made ","Negative"
"everyone controlch disliked video time","Negative"
"ight finally happened","Positive"
" weiited make three hours","Negative"
" now disliked video sich history via","Negative"
"theit call community knows dislike video favorite youtubers congratulations now disliked video number spot forever","Negative"
